RepoName,path,Exists
1adrianb/face-alignment,C:\paper\empirical_analysis\data\repos\1adrianb\face-alignment,Yes
Azure/mmlspark,C:\paper\empirical_analysis\data\repos\Azure\mmlspark,Yes
BehaviorTree/BehaviorTree.CPP,C:\paper\empirical_analysis\data\repos\BehaviorTree\BehaviorTree.CPP,Yes
CMU-Perceptual-Computing-Lab/openpose,C:\paper\empirical_analysis\data\repos\CMU-Perceptual-Computing-Lab\openpose,Yes
DAI-Lab/Copulas,C:\paper\empirical_analysis\data\repos\DAI-Lab\Copulas,Yes
EthicallyAI/ethically,C:\paper\empirical_analysis\data\repos\EthicallyAI\ethically,Yes
Evizero/Augmentor.jl,C:\paper\empirical_analysis\data\repos\Evizero\Augmentor.jl,Yes
FluxML/Flux.jl,C:\paper\empirical_analysis\data\repos\FluxML\Flux.jl,Yes
GRAAL-Research/poutyne,C:\paper\empirical_analysis\data\repos\GRAAL-Research\poutyne,Yes
Hironsan/HateSonar,C:\paper\empirical_analysis\data\repos\Hironsan\HateSonar,Yes
J535D165/recordlinkage,C:\paper\empirical_analysis\data\repos\J535D165\recordlinkage,Yes
JohnSnowLabs/spark-nlp,C:\paper\empirical_analysis\data\repos\JohnSnowLabs\spark-nlp,Yes
JuliaGPU/ArrayFire.jl,C:\paper\empirical_analysis\data\repos\JuliaGPU\ArrayFire.jl,Yes
JuliaML/LearningStrategies.jl,C:\paper\empirical_analysis\data\repos\JuliaML\LearningStrategies.jl,Yes
Kitware/SMQTK,C:\paper\empirical_analysis\data\repos\Kitware\SMQTK,Yes
LanguageMachines/frog,C:\paper\empirical_analysis\data\repos\LanguageMachines\frog,Yes
LanguageMachines/libfolia,C:\paper\empirical_analysis\data\repos\LanguageMachines\libfolia,Yes
LanguageMachines/timbl,C:\paper\empirical_analysis\data\repos\LanguageMachines\timbl,Yes
LanguageMachines/ucto,C:\paper\empirical_analysis\data\repos\LanguageMachines\ucto,Yes
LearnLib/learnlib,C:\paper\empirical_analysis\data\repos\LearnLib\learnlib,Yes
OpenMined/PySyft,C:\paper\empirical_analysis\data\repos\OpenMined\PySyft,Yes
OpenMined/syft.js,C:\paper\empirical_analysis\data\repos\OpenMined\syft.js,Yes
RGF-team/rgf,C:\paper\empirical_analysis\data\repos\RGF-team\rgf,Yes
RaRe-Technologies/gensim,C:\paper\empirical_analysis\data\repos\RaRe-Technologies\gensim,Yes
RidgeRun/gst-inference,C:\paper\empirical_analysis\data\repos\RidgeRun\gst-inference,Yes
RidgeRun/r2inference,C:\paper\empirical_analysis\data\repos\RidgeRun\r2inference,Yes
RubixML/RubixML,C:\paper\empirical_analysis\data\repos\RubixML\RubixML,Yes
SGpp/SGpp,C:\paper\empirical_analysis\data\repos\SGpp\SGpp,Yes
SPFlow/SPFlow,C:\paper\empirical_analysis\data\repos\SPFlow\SPFlow,Yes
SmartDataAnalytics/PyKEEN,C:\paper\empirical_analysis\data\repos\SmartDataAnalytics\PyKEEN,Yes
Tencent/ncnn,C:\paper\empirical_analysis\data\repos\Tencent\ncnn,Yes
WeBankFinTech/FATE,C:\paper\empirical_analysis\data\repos\WeBankFinTech\FATE,Yes
Zulko/easyAI,C:\paper\empirical_analysis\data\repos\Zulko\easyAI,Yes
ageitgey/face_recognition,C:\paper\empirical_analysis\data\repos\ageitgey\face_recognition,Yes
alan-turing-institute/MLJ.jl,C:\paper\empirical_analysis\data\repos\alan-turing-institute\MLJ.jl,Yes
albu/albumentations,C:\paper\empirical_analysis\data\repos\albu\albumentations,Yes
allenai/allennlp,C:\paper\empirical_analysis\data\repos\allenai\allennlp,Yes
annoviko/pyclustering,C:\paper\empirical_analysis\data\repos\annoviko\pyclustering,Yes
apache/incubator-mxnet,C:\paper\empirical_analysis\data\repos\apache\incubator-mxnet,Yes
arguiot/Neuron,C:\paper\empirical_analysis\data\repos\arguiot\Neuron,Yes
arraiyopensource/kornia,C:\paper\empirical_analysis\data\repos\arraiyopensource\kornia,Yes
autonomio/kerasplotlib,C:\paper\empirical_analysis\data\repos\autonomio\kerasplotlib,Yes
awslabs/sockeye,C:\paper\empirical_analysis\data\repos\awslabs\sockeye,Yes
axa-group/nlp.js,C:\paper\empirical_analysis\data\repos\axa-group\nlp.js,Yes
bgreenwell/pdp,C:\paper\empirical_analysis\data\repos\bgreenwell\pdp,Yes
biolab/orange3,C:\paper\empirical_analysis\data\repos\biolab\orange3,Yes
biolab/orange3-educational,C:\paper\empirical_analysis\data\repos\biolab\orange3-educational,Yes
bnosac/udpipe,C:\paper\empirical_analysis\data\repos\bnosac\udpipe,Yes
botkop/scorch,C:\paper\empirical_analysis\data\repos\botkop\scorch,Yes
business-science/timetk,C:\paper\empirical_analysis\data\repos\business-science\timetk,Yes
chakki-works/seqeval,C:\paper\empirical_analysis\data\repos\chakki-works\seqeval,Yes
chartbeat-labs/textacy,C:\paper\empirical_analysis\data\repos\chartbeat-labs\textacy,Yes
cirg-up/cilib,C:\paper\empirical_analysis\data\repos\cirg-up\cilib,Yes
comic/grand-challenge.org,C:\paper\empirical_analysis\data\repos\comic\grand-challenge.org,Yes
cpmech/gosl,C:\paper\empirical_analysis\data\repos\cpmech\gosl,Yes
creme-ml/creme,C:\paper\empirical_analysis\data\repos\creme-ml\creme,Yes
deepmind/lab,C:\paper\empirical_analysis\data\repos\deepmind\lab,Yes
denizyuret/Knet.jl,C:\paper\empirical_analysis\data\repos\denizyuret\Knet.jl,Yes
dice-group/LIMES,C:\paper\empirical_analysis\data\repos\dice-group\LIMES,Yes
dkpro/dkpro-cassis,C:\paper\empirical_analysis\data\repos\dkpro\dkpro-cassis,Yes
dmlc/gluon-cv,C:\paper\empirical_analysis\data\repos\dmlc\gluon-cv,Yes
dmlc/xgboost,C:\paper\empirical_analysis\data\repos\dmlc\xgboost,Yes
dssg/triage,C:\paper\empirical_analysis\data\repos\dssg\triage,Yes
ebu/benchmarkstt,C:\paper\empirical_analysis\data\repos\ebu\benchmarkstt,Yes
elki-project/elki,C:\paper\empirical_analysis\data\repos\elki-project\elki,Yes
espnet/espnet,C:\paper\empirical_analysis\data\repos\espnet\espnet,Yes
explosion/spaCy,C:\paper\empirical_analysis\data\repos\explosion\spaCy,Yes
explosion/thinc,C:\paper\empirical_analysis\data\repos\explosion\thinc,Yes
fablabbcn/smartcitizen-iscape-data,C:\paper\empirical_analysis\data\repos\fablabbcn\smartcitizen-iscape-data,Yes
facebookresearch/flashlight,C:\paper\empirical_analysis\data\repos\facebookresearch\flashlight,Yes
facebookresearch/wav2letter,C:\paper\empirical_analysis\data\repos\facebookresearch\wav2letter,Yes
gojek/feast,C:\paper\empirical_analysis\data\repos\gojek\feast,Yes
google/uis-rnn,C:\paper\empirical_analysis\data\repos\google\uis-rnn,Yes
googleapis/nodejs-dialogflow,C:\paper\empirical_analysis\data\repos\googleapis\nodejs-dialogflow,Yes
googleapis/nodejs-speech,C:\paper\empirical_analysis\data\repos\googleapis\nodejs-speech,Yes
googleapis/nodejs-translate,C:\paper\empirical_analysis\data\repos\googleapis\nodejs-translate,Yes
googleapis/nodejs-vision,C:\paper\empirical_analysis\data\repos\googleapis\nodejs-vision,Yes
gorgonia/gorgonia,C:\paper\empirical_analysis\data\repos\gorgonia\gorgonia,Yes
greyblake/whatlang-rs,C:\paper\empirical_analysis\data\repos\greyblake\whatlang-rs,Yes
gunthercox/ChatterBot,C:\paper\empirical_analysis\data\repos\gunthercox\ChatterBot,Yes
huggingface/pytorch-pretrained-BERT,C:\paper\empirical_analysis\data\repos\huggingface\pytorch-pretrained-BERT,Yes
iamDecode/sklearn-pmml-model,C:\paper\empirical_analysis\data\repos\iamDecode\sklearn-pmml-model,Yes
intelligo-systems/intelligo,C:\paper\empirical_analysis\data\repos\intelligo-systems\intelligo,Yes
iterative/dvc,C:\paper\empirical_analysis\data\repos\iterative\dvc,Yes
jenetics/jenetics,C:\paper\empirical_analysis\data\repos\jenetics\jenetics,Yes
jmschrei/pomegranate,C:\paper\empirical_analysis\data\repos\jmschrei\pomegranate,Yes
jtablesaw/tablesaw,C:\paper\empirical_analysis\data\repos\jtablesaw\tablesaw,Yes
karolzak/keras-unet,C:\paper\empirical_analysis\data\repos\karolzak\keras-unet,Yes
kaushalshetty/FeatureSelectionGA,C:\paper\empirical_analysis\data\repos\kaushalshetty\FeatureSelectionGA,Yes
kawatan/Megalopolis,C:\paper\empirical_analysis\data\repos\kawatan\Megalopolis,Yes
kendryte/nncase,C:\paper\empirical_analysis\data\repos\kendryte\nncase,Yes
kengz/SLM-Lab,C:\paper\empirical_analysis\data\repos\kengz\SLM-Lab,Yes
ku-nlp/jumanpp,C:\paper\empirical_analysis\data\repos\ku-nlp\jumanpp,Yes
lRomul/argus,C:\paper\empirical_analysis\data\repos\lRomul\argus,Yes
laresbernardo/lares,C:\paper\empirical_analysis\data\repos\laresbernardo\lares,Yes
larq/larq,C:\paper\empirical_analysis\data\repos\larq\larq,Yes
m09/syllable-counter,C:\paper\empirical_analysis\data\repos\m09\syllable-counter,Yes
masatoi/cl-random-forest,C:\paper\empirical_analysis\data\repos\masatoi\cl-random-forest,Yes
materialsvirtuallab/megnet,C:\paper\empirical_analysis\data\repos\materialsvirtuallab\megnet,Yes
microsoft/LightGBM,C:\paper\empirical_analysis\data\repos\microsoft\LightGBM,Yes
microsoft/NimbusML,C:\paper\empirical_analysis\data\repos\microsoft\NimbusML,Yes
microsoft/dowhy,C:\paper\empirical_analysis\data\repos\microsoft\dowhy,Yes
microsoft/nni,C:\paper\empirical_analysis\data\repos\microsoft\nni,Yes
mljs/matrix,C:\paper\empirical_analysis\data\repos\mljs\matrix,Yes
mlpack/mlpack,C:\paper\empirical_analysis\data\repos\mlpack\mlpack,Yes
mlr-org/mlr,C:\paper\empirical_analysis\data\repos\mlr-org\mlr,Yes
mne-tools/mne-cpp,C:\paper\empirical_analysis\data\repos\mne-tools\mne-cpp,Yes
mratsim/Arraymancer,C:\paper\empirical_analysis\data\repos\mratsim\Arraymancer,Yes
mwydmuch/ViZDoom,C:\paper\empirical_analysis\data\repos\mwydmuch\ViZDoom,Yes
nanxstats/enpls,C:\paper\empirical_analysis\data\repos\nanxstats\enpls,Yes
nanxstats/protr,C:\paper\empirical_analysis\data\repos\nanxstats\protr,Yes
neptune-ml/neptune-client,C:\paper\empirical_analysis\data\repos\neptune-ml\neptune-client,Yes
neuronets/nobrainer,C:\paper\empirical_analysis\data\repos\neuronets\nobrainer,Yes
nilearn/nilearn,C:\paper\empirical_analysis\data\repos\nilearn\nilearn,Yes
nschaetti/EchoTorch,C:\paper\empirical_analysis\data\repos\nschaetti\EchoTorch,Yes
nyu-mll/jiant,C:\paper\empirical_analysis\data\repos\nyu-mll\jiant,Yes
olegtarasov/FastText.NetWrapper,C:\paper\empirical_analysis\data\repos\olegtarasov\FastText.NetWrapper,Yes
onnx/onnx,C:\paper\empirical_analysis\data\repos\onnx\onnx,Yes
onnx/onnx-tensorflow,C:\paper\empirical_analysis\data\repos\onnx\onnx-tensorflow,Yes
openml/automlbenchmark,C:\paper\empirical_analysis\data\repos\openml\automlbenchmark,Yes
openml/openml-python,C:\paper\empirical_analysis\data\repos\openml\openml-python,Yes
owulveryck/onnx-go,C:\paper\empirical_analysis\data\repos\owulveryck\onnx-go,Yes
pemistahl/lingua,C:\paper\empirical_analysis\data\repos\pemistahl\lingua,Yes
proycon/foliapy,C:\paper\empirical_analysis\data\repos\proycon\foliapy,Yes
pytorch/ignite,C:\paper\empirical_analysis\data\repos\pytorch\ignite,Yes
pytorch/text,C:\paper\empirical_analysis\data\repos\pytorch\text,Yes
pytorch/tnt,C:\paper\empirical_analysis\data\repos\pytorch\tnt,Yes
pytorch/vision,C:\paper\empirical_analysis\data\repos\pytorch\vision,Yes
r9y9/nnmnkwii,C:\paper\empirical_analysis\data\repos\r9y9\nnmnkwii,Yes
raahii/video-gans-evaluation,C:\paper\empirical_analysis\data\repos\raahii\video-gans-evaluation,Yes
rabidgremlin/Mutters,C:\paper\empirical_analysis\data\repos\rabidgremlin\Mutters,Yes
rasbt/mlxtend,C:\paper\empirical_analysis\data\repos\rasbt\mlxtend,Yes
rdk/p2rank,C:\paper\empirical_analysis\data\repos\rdk\p2rank,Yes
rflamary/POT,C:\paper\empirical_analysis\data\repos\rflamary\POT,Yes
root-project/root,C:\paper\empirical_analysis\data\repos\root-project\root,Yes
rsokl/MyGrad,C:\paper\empirical_analysis\data\repos\rsokl\MyGrad,Yes
rtavenar/tslearn,C:\paper\empirical_analysis\data\repos\rtavenar\tslearn,Yes
scikit-learn-contrib/hdbscan,C:\paper\empirical_analysis\data\repos\scikit-learn-contrib\hdbscan,Yes
sekia/Algorithm-LibLinear,C:\paper\empirical_analysis\data\repos\sekia\Algorithm-LibLinear,Yes
sepandhaghighi/pycm,C:\paper\empirical_analysis\data\repos\sepandhaghighi\pycm,Yes
shimat/opencvsharp,C:\paper\empirical_analysis\data\repos\shimat\opencvsharp,Yes
shogun-toolbox/shogun,C:\paper\empirical_analysis\data\repos\shogun-toolbox\shogun,Yes
skorch-dev/skorch,C:\paper\empirical_analysis\data\repos\skorch-dev\skorch,Yes
smistad/FAST,C:\paper\empirical_analysis\data\repos\smistad\FAST,Yes
tensorflow/addons,C:\paper\empirical_analysis\data\repos\tensorflow\addons,Yes
tensorflow/cleverhans,C:\paper\empirical_analysis\data\repos\tensorflow\cleverhans,Yes
thombashi/pytablewriter,C:\paper\empirical_analysis\data\repos\thombashi\pytablewriter,Yes
torchgan/torchgan,C:\paper\empirical_analysis\data\repos\torchgan\torchgan,Yes
undertheseanlp/underthesea,C:\paper\empirical_analysis\data\repos\undertheseanlp\underthesea,Yes
usnistgov/jarvis,C:\paper\empirical_analysis\data\repos\usnistgov\jarvis,Yes
vertexclique/orkhon,C:\paper\empirical_analysis\data\repos\vertexclique\orkhon,Yes
vkuznet/TFaaS,C:\paper\empirical_analysis\data\repos\vkuznet\TFaaS,Yes
watzon/cadmium,C:\paper\empirical_analysis\data\repos\watzon\cadmium,Yes
wq2012/SimpleDER,C:\paper\empirical_analysis\data\repos\wq2012\SimpleDER,Yes
yasserfarouk/negmas,C:\paper\empirical_analysis\data\repos\yasserfarouk\negmas,Yes
yoshoku/rumale,C:\paper\empirical_analysis\data\repos\yoshoku\rumale,Yes
zalandoresearch/flair,C:\paper\empirical_analysis\data\repos\zalandoresearch\flair,Yes
10up/classifai,C:\paper\empirical_analysis\data\repos\10up\classifai,Yes
AlexEMG/DeepLabCut,C:\paper\empirical_analysis\data\repos\AlexEMG\DeepLabCut,Yes
AllenCellModeling/pytorch_integrated_cell,C:\paper\empirical_analysis\data\repos\AllenCellModeling\pytorch_integrated_cell,Yes
AsafManela/HurdleDMR.jl,C:\paper\empirical_analysis\data\repos\AsafManela\HurdleDMR.jl,Yes
Assios/Bottios,C:\paper\empirical_analysis\data\repos\Assios\Bottios,Yes
BLKSerene/Wordless,C:\paper\empirical_analysis\data\repos\BLKSerene\Wordless,Yes
BYU-PCCL/holodeck,C:\paper\empirical_analysis\data\repos\BYU-PCCL\holodeck,Yes
BloodAxe/pytorch-toolbelt,C:\paper\empirical_analysis\data\repos\BloodAxe\pytorch-toolbelt,Yes
CartoDB/cartoframes,C:\paper\empirical_analysis\data\repos\CartoDB\cartoframes,Yes
Chicoryn/dream-go,C:\paper\empirical_analysis\data\repos\Chicoryn\dream-go,Yes
ClaudiuGeorgiu/RiskInDroid,C:\paper\empirical_analysis\data\repos\ClaudiuGeorgiu\RiskInDroid,Yes
Cloud-CV/EvalAI,C:\paper\empirical_analysis\data\repos\Cloud-CV\EvalAI,Yes
CyberReboot/poseidon,C:\paper\empirical_analysis\data\repos\CyberReboot\poseidon,Yes
CyberZHG/wiki-dump-reader,C:\paper\empirical_analysis\data\repos\CyberZHG\wiki-dump-reader,Yes
DistrictDataLabs/yellowbrick,C:\paper\empirical_analysis\data\repos\DistrictDataLabs\yellowbrick,Yes
DragonComputer/Dragonfire,C:\paper\empirical_analysis\data\repos\DragonComputer\Dragonfire,Yes
Drakkar-Software/OctoBot,C:\paper\empirical_analysis\data\repos\Drakkar-Software\OctoBot,Yes
DwangoMediaVillage/pqkmeans,C:\paper\empirical_analysis\data\repos\DwangoMediaVillage\pqkmeans,Yes
Epistimio/orion,C:\paper\empirical_analysis\data\repos\Epistimio\orion,Yes
Esukhia/pybo,C:\paper\empirical_analysis\data\repos\Esukhia\pybo,Yes
FluxML/Metalhead.jl,C:\paper\empirical_analysis\data\repos\FluxML\Metalhead.jl,Yes
FluxML/NNlib.jl,C:\paper\empirical_analysis\data\repos\FluxML\NNlib.jl,Yes
FluxML/ONNX.jl,C:\paper\empirical_analysis\data\repos\FluxML\ONNX.jl,Yes
FraBle/python-sutime,C:\paper\empirical_analysis\data\repos\FraBle\python-sutime,Yes
GeoscienceAustralia/dea-notebooks,C:\paper\empirical_analysis\data\repos\GeoscienceAustralia\dea-notebooks,Yes
HIT-SCIR/ltp,C:\paper\empirical_analysis\data\repos\HIT-SCIR\ltp,Yes
Hananel-Hazan/bindsnet,C:\paper\empirical_analysis\data\repos\Hananel-Hazan\bindsnet,Yes
HazyResearch/fonduer,C:\paper\empirical_analysis\data\repos\HazyResearch\fonduer,Yes
HazyResearch/snorkel,C:\paper\empirical_analysis\data\repos\HazyResearch\snorkel,Yes
IBM/MAX-News-Text-Generator,C:\paper\empirical_analysis\data\repos\IBM\MAX-News-Text-Generator,Yes
ICLRandD/Blackstone,C:\paper\empirical_analysis\data\repos\ICLRandD\Blackstone,Yes
IlyaGusev/summarus,C:\paper\empirical_analysis\data\repos\IlyaGusev\summarus,Yes
JSJitsu/ai-battle-website,C:\paper\empirical_analysis\data\repos\JSJitsu\ai-battle-website,Yes
JdeRobot/DetectionSuite,C:\paper\empirical_analysis\data\repos\JdeRobot\DetectionSuite,Yes
JuliaML/LearnBase.jl,C:\paper\empirical_analysis\data\repos\JuliaML\LearnBase.jl,Yes
JuliaML/LossFunctions.jl,C:\paper\empirical_analysis\data\repos\JuliaML\LossFunctions.jl,Yes
JuliaML/MLDataPattern.jl,C:\paper\empirical_analysis\data\repos\JuliaML\MLDataPattern.jl,Yes
JuliaML/MLDataUtils.jl,C:\paper\empirical_analysis\data\repos\JuliaML\MLDataUtils.jl,Yes
JuliaML/MLLabelUtils.jl,C:\paper\empirical_analysis\data\repos\JuliaML\MLLabelUtils.jl,Yes
JuliaText/CorpusLoaders.jl,C:\paper\empirical_analysis\data\repos\JuliaText\CorpusLoaders.jl,Yes
LanguageMachines/mbt,C:\paper\empirical_analysis\data\repos\LanguageMachines\mbt,Yes
LaurentMazare/ocaml-torch,C:\paper\empirical_analysis\data\repos\LaurentMazare\ocaml-torch,Yes
LaurentMazare/tch-rs,C:\paper\empirical_analysis\data\repos\LaurentMazare\tch-rs,Yes
LearnLib/alex,C:\paper\empirical_analysis\data\repos\LearnLib\alex,Yes
LiuLabUB/HMMRATAC,C:\paper\empirical_analysis\data\repos\LiuLabUB\HMMRATAC,Yes
MI2DataLab/SAFE,C:\paper\empirical_analysis\data\repos\MI2DataLab\SAFE,Yes
MI2DataLab/auditor,C:\paper\empirical_analysis\data\repos\MI2DataLab\auditor,Yes
MartinThoma/clana,C:\paper\empirical_analysis\data\repos\MartinThoma\clana,Yes
ModelZoo/ModelZoo,C:\paper\empirical_analysis\data\repos\ModelZoo\ModelZoo,Yes
NatLibFi/Annif,C:\paper\empirical_analysis\data\repos\NatLibFi\Annif,Yes
NaturalIntelligence/imglab,C:\paper\empirical_analysis\data\repos\NaturalIntelligence\imglab,Yes
Neuraxio/Neuraxle,C:\paper\empirical_analysis\data\repos\Neuraxio\Neuraxle,Yes
Neuraxio/New-Empty-Python-Project-Base,C:\paper\empirical_analysis\data\repos\Neuraxio\New-Empty-Python-Project-Base,Yes
NeuroTechX/moabb,C:\paper\empirical_analysis\data\repos\NeuroTechX\moabb,Yes
NickleDave/hybrid-vocal-classifier,C:\paper\empirical_analysis\data\repos\NickleDave\hybrid-vocal-classifier,Yes
NirantK/nlp-python-deep-learning,C:\paper\empirical_analysis\data\repos\NirantK\nlp-python-deep-learning,Yes
OAID/Tengine,C:\paper\empirical_analysis\data\repos\OAID\Tengine,Yes
OpenKore/openkore,C:\paper\empirical_analysis\data\repos\OpenKore\openkore,Yes
OpenNMT/OpenNMT-py,C:\paper\empirical_analysis\data\repos\OpenNMT\OpenNMT-py,Yes
ParsianRoboticLab/Zero-Shot-Learning,C:\paper\empirical_analysis\data\repos\ParsianRoboticLab\Zero-Shot-Learning,Yes
Picovoice/Porcupine,C:\paper\empirical_analysis\data\repos\Picovoice\Porcupine,Yes
Pradyuman7/LookAtMe,C:\paper\empirical_analysis\data\repos\Pradyuman7\LookAtMe,Yes
PrincetonUniversity/ASPIRE-Python,C:\paper\empirical_analysis\data\repos\PrincetonUniversity\ASPIRE-Python,Yes
QuantumBFS/Yao.jl,C:\paper\empirical_analysis\data\repos\QuantumBFS\Yao.jl,Yes
RoboTeamTwente/roboteam_ai,C:\paper\empirical_analysis\data\repos\RoboTeamTwente\roboteam_ai,Yes
RubixML/Server,C:\paper\empirical_analysis\data\repos\RubixML\Server,Yes
SMTorg/smt,C:\paper\empirical_analysis\data\repos\SMTorg\smt,Yes
SeanLee97/xmnlp,C:\paper\empirical_analysis\data\repos\SeanLee97\xmnlp,Yes
SeldonIO/seldon-core,C:\paper\empirical_analysis\data\repos\SeldonIO\seldon-core,Yes
Stable-Baselines-Team/stable-baselines,C:\paper\empirical_analysis\data\repos\Stable-Baselines-Team\stable-baselines,Yes
SuperCowPowers/bat,C:\paper\empirical_analysis\data\repos\SuperCowPowers\bat,Yes
Texera/texera,C:\paper\empirical_analysis\data\repos\Texera\texera,Yes
TheAlgorithms/MATLAB-Octave,C:\paper\empirical_analysis\data\repos\TheAlgorithms\MATLAB-Octave,Yes
TuringLang/Turing.jl,C:\paper\empirical_analysis\data\repos\TuringLang\Turing.jl,Yes
WLM1ke/poptimizer,C:\paper\empirical_analysis\data\repos\WLM1ke\poptimizer,Yes
WladimirSidorenko/CRFSuite,C:\paper\empirical_analysis\data\repos\WladimirSidorenko\CRFSuite,Yes
X-DataInitiative/tick,C:\paper\empirical_analysis\data\repos\X-DataInitiative\tick,Yes
XanaduAI/pennylane-pq,C:\paper\empirical_analysis\data\repos\XanaduAI\pennylane-pq,Yes
XanaduAI/pennylane-sf,C:\paper\empirical_analysis\data\repos\XanaduAI\pennylane-sf,Yes
abdullahselek/koolsla,C:\paper\empirical_analysis\data\repos\abdullahselek\koolsla,Yes
abdullahselek/spampy,C:\paper\empirical_analysis\data\repos\abdullahselek\spampy,Yes
ad12/DOSMA,C:\paper\empirical_analysis\data\repos\ad12\DOSMA,Yes
aiqm/torchani,C:\paper\empirical_analysis\data\repos\aiqm\torchani,Yes
alan-turing-institute/MLJBase.jl,C:\paper\empirical_analysis\data\repos\alan-turing-institute\MLJBase.jl,Yes
alan-turing-institute/MLJModels.jl,C:\paper\empirical_analysis\data\repos\alan-turing-institute\MLJModels.jl,Yes
alan-turing-institute/sktime,C:\paper\empirical_analysis\data\repos\alan-turing-institute\sktime,Yes
aleju/imgaug,C:\paper\empirical_analysis\data\repos\aleju\imgaug,Yes
alephdata/fingerprints,C:\paper\empirical_analysis\data\repos\alephdata\fingerprints,Yes
alexjc/neural-imagen,C:\paper\empirical_analysis\data\repos\alexjc\neural-imagen,Yes
allenai/scispacy,C:\paper\empirical_analysis\data\repos\allenai\scispacy,Yes
amark/gun,C:\paper\empirical_analysis\data\repos\amark\gun,Yes
amzn/emukit,C:\paper\empirical_analysis\data\repos\amzn\emukit,Yes
analysiscenter/batchflow,C:\paper\empirical_analysis\data\repos\analysiscenter\batchflow,Yes
anskarl/LoMRF,C:\paper\empirical_analysis\data\repos\anskarl\LoMRF,Yes
apls777/spotty,C:\paper\empirical_analysis\data\repos\apls777\spotty,Yes
appeler/ethnicolr,C:\paper\empirical_analysis\data\repos\appeler\ethnicolr,Yes
arne-cl/discoursegraphs,C:\paper\empirical_analysis\data\repos\arne-cl\discoursegraphs,Yes
ashblue/fluid-behavior-tree,C:\paper\empirical_analysis\data\repos\ashblue\fluid-behavior-tree,Yes
astropy/astrowidgets,C:\paper\empirical_analysis\data\repos\astropy\astrowidgets,Yes
autonomio/talos,C:\paper\empirical_analysis\data\repos\autonomio\talos,Yes
autonomio/wrangle,C:\paper\empirical_analysis\data\repos\autonomio\wrangle,Yes
aws-samples/amazon-rekognition-engagement-meter,C:\paper\empirical_analysis\data\repos\aws-samples\amazon-rekognition-engagement-meter,Yes
azu/morpheme-match,C:\paper\empirical_analysis\data\repos\azu\morpheme-match,Yes
bcbi/PredictMD.jl,C:\paper\empirical_analysis\data\repos\bcbi\PredictMD.jl,Yes
benfred/implicit,C:\paper\empirical_analysis\data\repos\benfred\implicit,Yes
bfgray3/cattonum,C:\paper\empirical_analysis\data\repos\bfgray3\cattonum,Yes
biaslab/ForneyLab.jl,C:\paper\empirical_analysis\data\repos\biaslab\ForneyLab.jl,Yes
bigmlcom/python,C:\paper\empirical_analysis\data\repos\bigmlcom\python,Yes
blmoistawinde/HarvestText,C:\paper\empirical_analysis\data\repos\blmoistawinde\HarvestText,Yes
bnosac/ruimtehol,C:\paper\empirical_analysis\data\repos\bnosac\ruimtehol,Yes
brainiak/brainiak,C:\paper\empirical_analysis\data\repos\brainiak\brainiak,Yes
brendanhasz/probflow,C:\paper\empirical_analysis\data\repos\brendanhasz\probflow,Yes
carsdotcom/skelebot,C:\paper\empirical_analysis\data\repos\carsdotcom\skelebot,Yes
catalyst-team/catalyst,C:\paper\empirical_analysis\data\repos\catalyst-team\catalyst,Yes
catalyst-team/classification,C:\paper\empirical_analysis\data\repos\catalyst-team\classification,Yes
chakki-works/doccano,C:\paper\empirical_analysis\data\repos\chakki-works\doccano,Yes
cjekel/piecewise_linear_fit_py,C:\paper\empirical_analysis\data\repos\cjekel\piecewise_linear_fit_py,Yes
clusterking/clusterking,C:\paper\empirical_analysis\data\repos\clusterking\clusterking,Yes
coin-or/Gravity,C:\paper\empirical_analysis\data\repos\coin-or\Gravity,Yes
cosanlab/nltools,C:\paper\empirical_analysis\data\repos\cosanlab\nltools,Yes
cpmpercussion/creative-prediction,C:\paper\empirical_analysis\data\repos\cpmpercussion\creative-prediction,Yes
criteo/tf-yarn,C:\paper\empirical_analysis\data\repos\criteo\tf-yarn,Yes
cstjean/ScikitLearn.jl,C:\paper\empirical_analysis\data\repos\cstjean\ScikitLearn.jl,Yes
dbiir/UER-py,C:\paper\empirical_analysis\data\repos\dbiir\UER-py,Yes
dcgym/iroko,C:\paper\empirical_analysis\data\repos\dcgym\iroko,Yes
deepchem/deepchem,C:\paper\empirical_analysis\data\repos\deepchem\deepchem,Yes
deepforge-dev/deepforge,C:\paper\empirical_analysis\data\repos\deepforge-dev\deepforge,Yes
denizyuret/AutoGrad.jl,C:\paper\empirical_analysis\data\repos\denizyuret\AutoGrad.jl,Yes
dfdx/NaiveBayes.jl,C:\paper\empirical_analysis\data\repos\dfdx\NaiveBayes.jl,Yes
dfdx/Yota.jl,C:\paper\empirical_analysis\data\repos\dfdx\Yota.jl,Yes
diffgram/diffgram,C:\paper\empirical_analysis\data\repos\diffgram\diffgram,Yes
dillondaudert/UMAP.jl,C:\paper\empirical_analysis\data\repos\dillondaudert\UMAP.jl,Yes
dirty-cat/dirty_cat,C:\paper\empirical_analysis\data\repos\dirty-cat\dirty_cat,Yes
dlebech/lyrics-generator,C:\paper\empirical_analysis\data\repos\dlebech\lyrics-generator,Yes
dllllb/ds-tools,C:\paper\empirical_analysis\data\repos\dllllb\ds-tools,Yes
dmlc/dlpack,C:\paper\empirical_analysis\data\repos\dmlc\dlpack,Yes
dmlc/gluon-nlp,C:\paper\empirical_analysis\data\repos\dmlc\gluon-nlp,Yes
dperezrada/keywords2vec,C:\paper\empirical_analysis\data\repos\dperezrada\keywords2vec,Yes
drivendataorg/zamba,C:\paper\empirical_analysis\data\repos\drivendataorg\zamba,Yes
ekinakyurek/KnetLayers.jl,C:\paper\empirical_analysis\data\repos\ekinakyurek\KnetLayers.jl,Yes
erp12/pyshgp,C:\paper\empirical_analysis\data\repos\erp12\pyshgp,Yes
esrrhs/majiang_algorithm,C:\paper\empirical_analysis\data\repos\esrrhs\majiang_algorithm,Yes
favstats/peRspective,C:\paper\empirical_analysis\data\repos\favstats\peRspective,Yes
feedzai/feedzai-openml,C:\paper\empirical_analysis\data\repos\feedzai\feedzai-openml,Yes
feedzai/feedzai-openml-r,C:\paper\empirical_analysis\data\repos\feedzai\feedzai-openml-r,Yes
felixriese/susi,C:\paper\empirical_analysis\data\repos\felixriese\susi,Yes
geomstats/geomstats,C:\paper\empirical_analysis\data\repos\geomstats\geomstats,Yes
go-ego/gse,C:\paper\empirical_analysis\data\repos\go-ego\gse,Yes
googleapis/nodejs-video-intelligence,C:\paper\empirical_analysis\data\repos\googleapis\nodejs-video-intelligence,Yes
gorgonia/tensor,C:\paper\empirical_analysis\data\repos\gorgonia\tensor,Yes
granularai/fabric,C:\paper\empirical_analysis\data\repos\granularai\fabric,Yes
gyrdym/ml_algo,C:\paper\empirical_analysis\data\repos\gyrdym\ml_algo,Yes
gyrdym/ml_linalg,C:\paper\empirical_analysis\data\repos\gyrdym\ml_linalg,Yes
hankcs/HanLP,C:\paper\empirical_analysis\data\repos\hankcs\HanLP,Yes
henriquepgomide/caRtola,C:\paper\empirical_analysis\data\repos\henriquepgomide\caRtola,Yes
henrysky/astroNN,C:\paper\empirical_analysis\data\repos\henrysky\astroNN,Yes
hfreire/get-me-a-date,C:\paper\empirical_analysis\data\repos\hfreire\get-me-a-date,Yes
himkt/pyner,C:\paper\empirical_analysis\data\repos\himkt\pyner,Yes
hls-fpga-machine-learning/hls4ml,C:\paper\empirical_analysis\data\repos\hls-fpga-machine-learning\hls4ml,Yes
hosseinmoein/DataFrame,C:\paper\empirical_analysis\data\repos\hosseinmoein\DataFrame,Yes
ianshmean/YOLO.jl,C:\paper\empirical_analysis\data\repos\ianshmean\YOLO.jl,Yes
imxieyi/waifu2x-mac,C:\paper\empirical_analysis\data\repos\imxieyi\waifu2x-mac,Yes
insideout10/wordlift-plugin,C:\paper\empirical_analysis\data\repos\insideout10\wordlift-plugin,Yes
intel/dffml,C:\paper\empirical_analysis\data\repos\intel\dffml,Yes
ironmussa/Optimus,C:\paper\empirical_analysis\data\repos\ironmussa\Optimus,Yes
jaimevalero/github-recommendation-engine,C:\paper\empirical_analysis\data\repos\jaimevalero\github-recommendation-engine,Yes
jamro/jsbattle,C:\paper\empirical_analysis\data\repos\jamro\jsbattle,Yes
jbrea/BayesianOptimization.jl,C:\paper\empirical_analysis\data\repos\jbrea\BayesianOptimization.jl,Yes
jgreener64/Bio3DView.jl,C:\paper\empirical_analysis\data\repos\jgreener64\Bio3DView.jl,Yes
jimmy60504/SeisNN,C:\paper\empirical_analysis\data\repos\jimmy60504\SeisNN,Yes
jmschrei/apricot,C:\paper\empirical_analysis\data\repos\jmschrei\apricot,Yes
joeycumines/go-behaviortree,C:\paper\empirical_analysis\data\repos\joeycumines\go-behaviortree,Yes
junhewk/RcppMeCab,C:\paper\empirical_analysis\data\repos\junhewk\RcppMeCab,Yes
justinshenk/fer,C:\paper\empirical_analysis\data\repos\justinshenk\fer,Yes
justmd5/tencent-ai,C:\paper\empirical_analysis\data\repos\justmd5\tencent-ai,Yes
jveitchmichaelis/deeplabel,C:\paper\empirical_analysis\data\repos\jveitchmichaelis\deeplabel,Yes
k4yt3x/video2x,C:\paper\empirical_analysis\data\repos\k4yt3x\video2x,Yes
kiudee/cs-ranking,C:\paper\empirical_analysis\data\repos\kiudee\cs-ranking,Yes
kk7nc/Text_Classification,C:\paper\empirical_analysis\data\repos\kk7nc\Text_Classification,Yes
klane/databall,C:\paper\empirical_analysis\data\repos\klane\databall,Yes
koalaverse/vip,C:\paper\empirical_analysis\data\repos\koalaverse\vip,Yes
koheiw/newsmap,C:\paper\empirical_analysis\data\repos\koheiw\newsmap,Yes
kopiro/otto-ai,C:\paper\empirical_analysis\data\repos\kopiro\otto-ai,Yes
korymath/jann,C:\paper\empirical_analysis\data\repos\korymath\jann,Yes
kymatio/kymatio,C:\paper\empirical_analysis\data\repos\kymatio\kymatio,Yes
lalvim/PLSRegressor.jl,C:\paper\empirical_analysis\data\repos\lalvim\PLSRegressor.jl,Yes
lanpa/tensorboardX,C:\paper\empirical_analysis\data\repos\lanpa\tensorboardX,Yes
lc-soft/LC-Finder,C:\paper\empirical_analysis\data\repos\lc-soft\LC-Finder,Yes
leek-wars/leek-wars-client,C:\paper\empirical_analysis\data\repos\leek-wars\leek-wars-client,Yes
leggedrobotics/darknet_ros,C:\paper\empirical_analysis\data\repos\leggedrobotics\darknet_ros,Yes
lejon/PartiallyCollapsedLDA,C:\paper\empirical_analysis\data\repos\lejon\PartiallyCollapsedLDA,Yes
leon-ai/leon,C:\paper\empirical_analysis\data\repos\leon-ai\leon,Yes
leopepe/GOApy,C:\paper\empirical_analysis\data\repos\leopepe\GOApy,Yes
letsgogeeky/QuadCopter-RL,C:\paper\empirical_analysis\data\repos\letsgogeeky\QuadCopter-RL,Yes
liquidcarrot/carrot,C:\paper\empirical_analysis\data\repos\liquidcarrot\carrot,Yes
lovit/soynlp,C:\paper\empirical_analysis\data\repos\lovit\soynlp,Yes
lucleray/tensorflow-lambda,C:\paper\empirical_analysis\data\repos\lucleray\tensorflow-lambda,Yes
madsjulia/Mads.jl,C:\paper\empirical_analysis\data\repos\madsjulia\Mads.jl,Yes
madsjulia/SVR.jl,C:\paper\empirical_analysis\data\repos\madsjulia\SVR.jl,Yes
magefree/mage,C:\paper\empirical_analysis\data\repos\magefree\mage,Yes
mateogianolio/vectorious,C:\paper\empirical_analysis\data\repos\mateogianolio\vectorious,Yes
mathiasunberath/DeepDRR,C:\paper\empirical_analysis\data\repos\mathiasunberath\DeepDRR,Yes
mattn/mruby-tflite,C:\paper\empirical_analysis\data\repos\mattn\mruby-tflite,Yes
mayabot/mynlp,C:\paper\empirical_analysis\data\repos\mayabot\mynlp,Yes
mcekovic/tennis-crystal-ball,C:\paper\empirical_analysis\data\repos\mcekovic\tennis-crystal-ball,Yes
medipixel/rl_algorithms,C:\paper\empirical_analysis\data\repos\medipixel\rl_algorithms,Yes
messense/fasttext-rs,C:\paper\empirical_analysis\data\repos\messense\fasttext-rs,Yes
messense/fasttext-serving,C:\paper\empirical_analysis\data\repos\messense\fasttext-serving,Yes
messense/jieba-rs,C:\paper\empirical_analysis\data\repos\messense\jieba-rs,Yes
metabrainz/acousticbrainz-server,C:\paper\empirical_analysis\data\repos\metabrainz\acousticbrainz-server,Yes
microsoft/AirSim,C:\paper\empirical_analysis\data\repos\microsoft\AirSim,Yes
microsoft/pai,C:\paper\empirical_analysis\data\repos\microsoft\pai,Yes
mideind/ReynirCorrect,C:\paper\empirical_analysis\data\repos\mideind\ReynirCorrect,Yes
mideind/ReynirPackage,C:\paper\empirical_analysis\data\repos\mideind\ReynirPackage,Yes
mideind/Tokenizer,C:\paper\empirical_analysis\data\repos\mideind\Tokenizer,Yes
milesgranger/gap_statistic,C:\paper\empirical_analysis\data\repos\milesgranger\gap_statistic,Yes
minibikini/paasaa,C:\paper\empirical_analysis\data\repos\minibikini\paasaa,Yes
mishushakov/dialogflow-web-v2,C:\paper\empirical_analysis\data\repos\mishushakov\dialogflow-web-v2,Yes
ml5js/ml5-library,C:\paper\empirical_analysis\data\repos\ml5js\ml5-library,Yes
mlflow/mlflow,C:\paper\empirical_analysis\data\repos\mlflow\mlflow,Yes
mljs/ml,C:\paper\empirical_analysis\data\repos\mljs\ml,Yes
mlr-org/mlr3,C:\paper\empirical_analysis\data\repos\mlr-org\mlr3,Yes
mlr-org/mlr3book,C:\paper\empirical_analysis\data\repos\mlr-org\mlr3book,Yes
msdslab/automated-systematic-review,C:\paper\empirical_analysis\data\repos\msdslab\automated-systematic-review,Yes
mstksg/backprop,C:\paper\empirical_analysis\data\repos\mstksg\backprop,Yes
nanxstats/RECA,C:\paper\empirical_analysis\data\repos\nanxstats\RECA,Yes
nanxstats/msaenet,C:\paper\empirical_analysis\data\repos\nanxstats\msaenet,Yes
neuropoly/axondeepseg,C:\paper\empirical_analysis\data\repos\neuropoly\axondeepseg,Yes
nextcloud/suspicious_login,C:\paper\empirical_analysis\data\repos\nextcloud\suspicious_login,Yes
nlpub/watset-java,C:\paper\empirical_analysis\data\repos\nlpub\watset-java,Yes
o19s/elasticsearch-learning-to-rank,C:\paper\empirical_analysis\data\repos\o19s\elasticsearch-learning-to-rank,Yes
oeway/ImJoy,C:\paper\empirical_analysis\data\repos\oeway\ImJoy,Yes
okpy/ok-client,C:\paper\empirical_analysis\data\repos\okpy\ok-client,Yes
olivia-ai/olivia,C:\paper\empirical_analysis\data\repos\olivia-ai\olivia,Yes
omichel/webots,C:\paper\empirical_analysis\data\repos\omichel\webots,Yes
omnisci/omniscidb,C:\paper\empirical_analysis\data\repos\omnisci\omniscidb,Yes
onnx/onnx-r,C:\paper\empirical_analysis\data\repos\onnx\onnx-r,Yes
opencog/link-grammar,C:\paper\empirical_analysis\data\repos\opencog\link-grammar,Yes
openturing/turing,C:\paper\empirical_analysis\data\repos\openturing\turing,Yes
openvenues/node-postal,C:\paper\empirical_analysis\data\repos\openvenues\node-postal,Yes
paris-saclay-cds/ramp-board,C:\paper\empirical_analysis\data\repos\paris-saclay-cds\ramp-board,Yes
pat-s/sperrorest,C:\paper\empirical_analysis\data\repos\pat-s\sperrorest,Yes
pavelkomarov/projection-pursuit,C:\paper\empirical_analysis\data\repos\pavelkomarov\projection-pursuit,Yes
pbiecek/DALEX,C:\paper\empirical_analysis\data\repos\pbiecek\DALEX,Yes
philipperemy/Stanford-OpenIE-Python,C:\paper\empirical_analysis\data\repos\philipperemy\Stanford-OpenIE-Python,Yes
philipperemy/keract,C:\paper\empirical_analysis\data\repos\philipperemy\keract,Yes
philipperemy/keras-attention-mechanism,C:\paper\empirical_analysis\data\repos\philipperemy\keras-attention-mechanism,Yes
philipperemy/keras-tcn,C:\paper\empirical_analysis\data\repos\philipperemy\keras-tcn,Yes
philipperemy/yolo-9000,C:\paper\empirical_analysis\data\repos\philipperemy\yolo-9000,Yes
pmariglia/showdown,C:\paper\empirical_analysis\data\repos\pmariglia\showdown,Yes
pnavaro/big-data,C:\paper\empirical_analysis\data\repos\pnavaro\big-data,Yes
polyaxon/polyaxon-chart,C:\paper\empirical_analysis\data\repos\polyaxon\polyaxon-chart,Yes
psipred/DMPfold,C:\paper\empirical_analysis\data\repos\psipred\DMPfold,Yes
pyannote/pyannote-audio,C:\paper\empirical_analysis\data\repos\pyannote\pyannote-audio,Yes
pycroscopy/pycroscopy,C:\paper\empirical_analysis\data\repos\pycroscopy\pycroscopy,Yes
pyro-ppl/funsor,C:\paper\empirical_analysis\data\repos\pyro-ppl\funsor,Yes
pyro-ppl/pyro,C:\paper\empirical_analysis\data\repos\pyro-ppl\pyro,Yes
python-adaptive/adaptive,C:\paper\empirical_analysis\data\repos\python-adaptive\adaptive,Yes
qupath/qupath,C:\paper\empirical_analysis\data\repos\qupath\qupath,Yes
raphaelvallat/entropy,C:\paper\empirical_analysis\data\repos\raphaelvallat\entropy,Yes
rgal/gym-2048,C:\paper\empirical_analysis\data\repos\rgal\gym-2048,Yes
rigetti/pennylane-forest,C:\paper\empirical_analysis\data\repos\rigetti\pennylane-forest,Yes
rmit-ir/tesserae,C:\paper\empirical_analysis\data\repos\rmit-ir\tesserae,Yes
roclark/basketball-predictor,C:\paper\empirical_analysis\data\repos\roclark\basketball-predictor,Yes
rstudio/sparkxgb,C:\paper\empirical_analysis\data\repos\rstudio\sparkxgb,Yes
s32x/gamedetect,C:\paper\empirical_analysis\data\repos\s32x\gamedetect,Yes
sagefy/sagefy,C:\paper\empirical_analysis\data\repos\sagefy\sagefy,Yes
samuelstjean/nlsam,C:\paper\empirical_analysis\data\repos\samuelstjean\nlsam,Yes
scikit-learn-contrib/lightning,C:\paper\empirical_analysis\data\repos\scikit-learn-contrib\lightning,Yes
sebp/scikit-survival,C:\paper\empirical_analysis\data\repos\sebp\scikit-survival,Yes
serizba/cppflow,C:\paper\empirical_analysis\data\repos\serizba\cppflow,Yes
shenweichen/DeepCTR,C:\paper\empirical_analysis\data\repos\shenweichen\DeepCTR,Yes
shin285/KOMORAN,C:\paper\empirical_analysis\data\repos\shin285\KOMORAN,Yes
sintefneodroid/agent,C:\paper\empirical_analysis\data\repos\sintefneodroid\agent,Yes
sintefneodroid/neo,C:\paper\empirical_analysis\data\repos\sintefneodroid\neo,Yes
sipeed/MaixPy,C:\paper\empirical_analysis\data\repos\sipeed\MaixPy,Yes
sipeed/MaixPy_scripts,C:\paper\empirical_analysis\data\repos\sipeed\MaixPy_scripts,Yes
sorgerlab/indra,C:\paper\empirical_analysis\data\repos\sorgerlab\indra,Yes
spearow/juice,C:\paper\empirical_analysis\data\repos\spearow\juice,Yes
spencermountain/compromise,C:\paper\empirical_analysis\data\repos\spencermountain\compromise,Yes
spotify/noether,C:\paper\empirical_analysis\data\repos\spotify\noether,Yes
stan-dev/pystan,C:\paper\empirical_analysis\data\repos\stan-dev\pystan,Yes
syou6162/go-active-learning,C:\paper\empirical_analysis\data\repos\syou6162\go-active-learning,Yes
takuti/Recommendation.jl,C:\paper\empirical_analysis\data\repos\takuti\Recommendation.jl,Yes
taolei87/sru,C:\paper\empirical_analysis\data\repos\taolei87\sru,Yes
tasoc/starclass,C:\paper\empirical_analysis\data\repos\tasoc\starclass,Yes
tensorly/tensorly,C:\paper\empirical_analysis\data\repos\tensorly\tensorly,Yes
tesseract-ocr/tesseract,C:\paper\empirical_analysis\data\repos\tesseract-ocr\tesseract,Yes
textlint/textlint,C:\paper\empirical_analysis\data\repos\textlint\textlint,Yes
theislab/scanpy,C:\paper\empirical_analysis\data\repos\theislab\scanpy,Yes
theislab/scgen,C:\paper\empirical_analysis\data\repos\theislab\scgen,Yes
tlatkowski/inpainting-gmcnn-keras,C:\paper\empirical_analysis\data\repos\tlatkowski\inpainting-gmcnn-keras,Yes
tobybreckon/fire-detection-cnn,C:\paper\empirical_analysis\data\repos\tobybreckon\fire-detection-cnn,Yes
tue-robotics/image_recognition,C:\paper\empirical_analysis\data\repos\tue-robotics\image_recognition,Yes
tugraz-isds/systemds,C:\paper\empirical_analysis\data\repos\tugraz-isds\systemds,Yes
uber/ludwig,C:\paper\empirical_analysis\data\repos\uber\ludwig,Yes
ultralytics/yolov3,C:\paper\empirical_analysis\data\repos\ultralytics\yolov3,Yes
umbertogriffo/focal-loss-keras,C:\paper\empirical_analysis\data\repos\umbertogriffo\focal-loss-keras,Yes
uptake/autofocus,C:\paper\empirical_analysis\data\repos\uptake\autofocus,Yes
ur-whitelab/hoomd-tf,C:\paper\empirical_analysis\data\repos\ur-whitelab\hoomd-tf,Yes
verifid/facereg,C:\paper\empirical_analysis\data\repos\verifid\facereg,Yes
verifid/mocr,C:\paper\empirical_analysis\data\repos\verifid\mocr,Yes
webanno/webanno,C:\paper\empirical_analysis\data\repos\webanno\webanno,Yes
wesselb/stheno,C:\paper\empirical_analysis\data\repos\wesselb\stheno,Yes
willtebbutt/BayesianLinearRegressors.jl,C:\paper\empirical_analysis\data\repos\willtebbutt\BayesianLinearRegressors.jl,Yes
winkjs/wink-lemmatizer,C:\paper\empirical_analysis\data\repos\winkjs\wink-lemmatizer,Yes
winkjs/wink-sentiment,C:\paper\empirical_analysis\data\repos\winkjs\wink-sentiment,Yes
wkentaro/chainer-mask-rcnn,C:\paper\empirical_analysis\data\repos\wkentaro\chainer-mask-rcnn,Yes
wkentaro/fcn,C:\paper\empirical_analysis\data\repos\wkentaro\fcn,Yes
wkentaro/labelme,C:\paper\empirical_analysis\data\repos\wkentaro\labelme,Yes
wkentaro/pytorch-fcn,C:\paper\empirical_analysis\data\repos\wkentaro\pytorch-fcn,Yes
wq2012/SpectralCluster,C:\paper\empirical_analysis\data\repos\wq2012\SpectralCluster,Yes
wzpan/wukong-robot,C:\paper\empirical_analysis\data\repos\wzpan\wukong-robot,Yes
yanfengliu/turkey,C:\paper\empirical_analysis\data\repos\yanfengliu\turkey,Yes
yoshida-lab/XenonPy,C:\paper\empirical_analysis\data\repos\yoshida-lab\XenonPy,Yes
zhenghaoz/gorse,C:\paper\empirical_analysis\data\repos\zhenghaoz\gorse,Yes
