"cancel","18"
"upload","12"
"flake8-test","1"
"resource-group","4"
"remote","3"
"jekyll_src","1"
"allow_failure","6"
"framework-launcher","2"
"syft-unit-tests","20"
"exporters","2"
"EXCLUDED_MARKERS","3"
"conda-channels","1"
"min_requirements","2"
"runner-type","1"
"BUILD_TYPE","2"
"COMMIT_SHA","1"
"CIBW_MANYLINUX_PYPY_X86_64_IMAGE","1"
"lint","37"
"linux-armv8-cpu-gcc","2"
"SKIP_NETWORK_TESTS","8"
"is_matrix_empty","3"
"exclude-any-issue-labels","2"
"linux-build-pypi-publish","1"
"auto-approve","19"
"DATADEPS_ALWAYS_ACCEPT","4"
"compile-go","10"
"stack-integration-tests-e2e","6"
"phpcs_bin_path","19"
"hagrid-tests-latest-versions","3"
"displayName","1"
"asset_content_type","36"
"build-integ","1"
"nextcloud-version","3"
"linux-gcc-sse2","2"
"issue_commented","4"
"pr-tests-stack-k8s","10"
"cff","3"
"INDRA_DB_REST_URL","4"
"tag-sha","2"
"compare_url","1"
"linux-minimal-deps","2"
"runner_name","10"
"tf-version","187"
"queries","1"
"linux-x64-cpu-tools-convert","3"
"mamba-version","1"
"prettier","1"
"r","32"
"component","15"
"python-tests-on-win","2"
"suite","98"
"Merge","2"
"CIBW_MUSLLINUX_S390X_IMAGE","2"
"php-cs-fixer","2"
"arch","38"
"call-grid-frontend_test","8"
"r-version","13"
"standard","10"
"artifact-path","4"
"OS_IDENTITY_API_VERSION","4"
"upload-packages","2"
"mypy","3"
"stack-integration-tests-tls","13"
"deploy","142"
"deploy_key","1"
"committer","16"
"asset_name","35"
"macosx-x86_64","2"
"payload","2"
"semver","1"
"ENABLE_ARC","1"
"run_tests_flax_gpu","3"
"lisp","1"
"docker-image-tag","1"
"MaxQtDynamic","2"
"check","28"
"windows-vs2015-shared","1"
"latest-tensorflow","1"
"pretest","3"
"arg1","3"
"arg0","2"
"stack-integration-tests-frontend","2"
"rlang-notify","8"
"smoke-tests","2"
"create_issue","1"
"PIPX_BIN_DIR","2"
"CIBW_BEFORE_BUILD_WINDOWS","2"
"past-pytorch-docker","1"
"CRAN","3"
"PULL_REQUEST_NUMBER","1"
"create-args","5"
"doctest","2"
"minio","5"
"publish-tests","2"
"comment-on-alert","1"
"remove","2"
"CompatHelper","39"
"validate_version_bumps","2"
"channel-priority","1"
"CIBW_REPAIR_WHEEL_COMMAND_MACOS","3"
"output-file-path","9"
"publish-test-results","7"
"conda","3"
"pth_version","1"
"compiler","89"
"test-dashboard-build","9"
"call-benchmark","5"
"zenml-notify","10"
"sparse-checkout","2"
"linux-gcc-avx2-omp","2"
"run_tests_templates","1"
"remove-haskell","1"
"args","159"
"with","2796"
"unit_tests","2"
"manylinux","8"
"REQUEST_BODY","2"
"test-pypi","6"
"goos","14"
"scan-type","2"
"CXXFLAGS","1"
"html-macos","1"
"DEPLOY_TOKEN","3"
"R_REMOTES_NO_ERRORS_FROM_WARNINGS","6"
"COMPARE_URL","3"
"channel","15"
"HOROVOD_WITHOUT_MXNET","1"
"load-test","1"
"ec2-instance-id-ludwig-gpu","1"
"path-to-signatures","3"
"MODELZOO_TOKEN","1"
"executor","2"
"TORCH_GPU_INSTALL","3"
"OWNER_REPOSITORY","2"
"linux-gcc-riscv64","3"
"docker_images","2"
"environment-name","5"
"DOCKER_USER","4"
"push-images","2"
"VERSION_WITHOUT_PREFIX","3"
"scan-seaweedfs-trivy","8"
"SETUP_STATUS","2"
"build-and-test","1"
"linux-gcc-x64","3"
"compose-up","2"
"pr-tests-syft-hagrid-comptability","1"
"publish_tf_keras_integration","2"
"CIBW_BEFORE_BUILD_LINUX","7"
"build_sdist","9"
"pr_reviewer","14"
"install","2"
"analyze","5"
"integration","5"
"analyse-backend","1"
"playtest-mac","1"
"pika","2"
"host-architecture","1"
"label-ludwig-gpu","1"
"pkgdown","5"
"WinDynamic","8"
"CI_SLACK_CHANNEL_DUMMY_TESTS","2"
"call-pr-tests-stack","37"
"deploy syft documentation","1"
"XRT_TPU_CONFIG","3"
"build_and_package","7"
"upload-to-pypi","1"
"MYSQL_TEST_PASS","3"
"unit_test_espnet1_and_integration_test_espnet1","2"
"python_version","79"
"update-conda","4"
"stack-integration-tests-smpc","7"
"tox","2"
"tests-cpu","6"
"scipy","3"
"pull_request","1247"
"zenml","8"
"publish-deb-package","2"
"python-tests-latest","3"
"build_cp","1"
"TRANSFORMERS_CACHE","6"
"INPUT_FORCEORPHAN","2"
"homebrew","2"
"linux-gcc-x86","4"
"ascending","2"
"publish-neptune-client","4"
"release_status","2"
"framework","14"
"CMAKE_OSX_ARCHITECTURES","1"
"NEPTUNE_SAFETY_MODE","2"
"test_tf220rc2_cpu_in_small_docker_image","1"
"php","5"
"SINGLE_COMMIT","5"
"test_debian11","12"
"RAY_VERSION","1"
"r-configure","2"
"operating-system","13"
"test-ros","7"
"check_gha_workflow","2"
"model_job","3"
"platforms","94"
"gh_access_token","1"
"linter_and_test","27"
"test-infra-ref","21"
"DOCKER_REPO","2"
"DEPENDENCIES_INSTALLATION","29"
"security-image-operator","1"
"MKN_GCC_PREFERRED","1"
"e2e","2"
"dependencies-version-type","5"
"compat_test","1"
"java-version","264"
"airflow","1"
"version_without_prefix","1"
"cpu","5"
"TOXENV","12"
"analyze_environment","5"
"linter_name","2"
"ALLENNLP_REVISION","2"
"hvd_version","1"
"run-benchmark","16"
"detectron2","6"
"TEST_DOC","1"
"pyfunc","1"
"test-sources","4"
"build_depends","9"
"environment_script","1"
"MACOSX_DEPLOYMENT_TARGET","12"
"run_tests_torch_cuda_extensions_multi_gpu","5"
"footer","20"
"add_pr_comment","2"
"workflows","222"
"exempt-pr-labels","5"
"MinQtDynamic","3"
"DevBuildsMacOS","1"
"test-long-algos","3"
"build-root","2"
"PYTHON3_VERSION","5"
"TF_NUM_INTRAOP_THREADS","2"
"scan-frontend","1"
"stack-integration-tests-tff","12"
"pr-tests-syft-security","1"
"code-style","2"
"run_install","2"
"readme","4"
"BAZEL_VERSION","1"
"build-args","26"
"QtDynamic","1"
"horovod-tests","2"
"issue_comment","74"
"test-windows","2"
"maven-version","3"
"DOCKERFILE","1"
"machines","14"
"linux-gcc-arm","1"
"splits","1"
"scikit-learn","14"
"tests_completed","1"
"timeout_minutes","3"
"NNCASE_CLI","9"
"trigger-event","9"
"cleanup-runs","9"
"publish_branch","1"
"pr-tests-notebook-k8s","9"
"password","44"
"build-and-publish","5"
"docs","99"
"DOCKER_BUILDKIT","3"
"slow_test_result","1"
"TINYTEX_VERSION","2"
"BASE_REF","3"
"welcome","2"
"build_and_test","2"
"android-armv7-gpu-online-spirv","2"
"tag-docker-images","1"
"TOKENIZERS_PARALLELISM","4"
"max_retries","3"
"tests-tutorials","2"
"buildtype","1"
"wasm-test","1"
"BUILD_PKGDOWN","2"
"security-image-python-base","1"
"woa-linux","3"
"tool-cache","1"
"javascript","1"
"labels","9"
"input","2"
"build-self-hosted","6"
"job-title","3"
"exclude_notebooks","4"
"ubuntu-2004-shared","1"
"detect_changes","1"
"toxenv","33"
"lfs","6"
"TENSORFLOW","2"
"publish_version","2"
"actions","6"
"call-workflow-passing-data","3"
"run_tests_single_gpu","3"
"latest-pytorch-amd","4"
"ruby-version","2"
"DOXYFILE","1"
"TH_VERSION","99"
"Test-Github-ARC-arm64","2"
"test-cython-estimators","1"
"R_KEEP_PKG_SOURCE","3"
"pep8","4"
"clippy","5"
"build-clang-linux","4"
"test_windows_wheels","38"
"DEV_MODE","7"
"gcs-access-key-id","1"
"POUTYNE_RELEASE_BUILD","1"
"GITHUB_REPOSITORY","4"
"builder","12"
"markdown","2"
"CIBW_MANYLINUX_PYPY_I686_IMAGE","1"
"build-wheels","1"
"ubuntu-2204","1"
"validate","4"
"latest","2"
"job-name","1"
"languages","12"
"CIBW_ARCHS","5"
"new-gui","1"
"R_PACKAGES","3"
"reporter","4"
"test-markers","8"
"services","20"
"minimum-build","1"
"OSSRH_TOKEN_PASSSWORD","1"
"PYPI_NIGHTLY_PASSWORD","2"
"cwd","4"
"msbuild-architecture","1"
"run-blogpost-examples","1"
"linux-gcc-loongarch64-lsx","2"
"build-publish-docker-images","1"
"clang-format-version","26"
"check_name","4"
"decaf_ampere","9"
"python_udf","1"
"remove-android","4"
"should_autoformat","1"
"IS_NOT_FORK","1"
"upload-wheels","6"
"with-cuda","1"
"TEST_DEPENDS","6"
"unittest","6"
"source","11"
"android-shared","1"
"pandas-version","1"
"repository-name","2"
"WATCHOS_DEPLOYMENT_TARGET","1"
"linux-gcc-mipsisa32r6el","1"
"keras","9"
"labeler","3"
"security-image-python-mlflow","1"
"flake8-linter","2"
"pr-tests-syft-notebook-scenario","11"
"GITHUB_PROJECT_URL","2"
"integration-tests-d","2"
"build-source-distribution","2"
"integration-tests-c","3"
"cxx","36"
"integration-tests-b","3"
"integration-tests-a","2"
"torchtext-version","6"
"secrets","59"
"NAME","3"
"checks","5"
"matrix2","1"
"BACKEND_VER","11"
"build-and-publish-job","2"
"create-syftcli-github-release","6"
"INSTALL_SMALL_PYTHON_DEPS","2"
"PYPI_PASSWORD","1"
"check-last-run","21"
"run_tests_torch_and_tf_multiple_gpu","3"
"updates","6"
"cache-env","2"
"login-server","5"
"build-gcc-linux","10"
"run_tests_tf_multi_gpu","6"
"UPLOAD_USER","2"
"SNOWFLAKE_CI_PASSWORD","2"
"e2e-tests-notify","6"
"perl","5"
"build-release","6"
"TWINE_USERNAME","74"
"decsription","2"
"explosion-bot","4"
"integration-tests-e","2"
"AWS_PYTORCH_UPLOADER_SECRET_ACCESS_KEY","1"
"COVERALLS_FLAG_NAME","13"
"rust-toolchain","1"
"call-syft-version_tests","8"
"check-tag","2"
"exclude-directories","1"
"dockerfile","19"
"SOLUTION_FILE_PATH","1"
"windows","29"
"unittests-extended","1"
"linux-gcc-mipsisa64r6el","1"
"headless","1"
"scan-tailscale","1"
"K2_VERSION","31"
"PAPER_MODELS","14"
"pull_request_review","2"
"julia-threads","4"
"nblint","1"
"call-pr-tests-stack-arm64","4"
"static-check","1"
"julia-arch","144"
"HOROVOD_WITH_PYTORCH","3"
"report_individual_runs","2"
"PYTEST_TIMEOUT","5"
"build-python-wheels","1"
"auto-update-conda","22"
"cache-name","7"
"required","31"
"redis","1"
"build-filedemo-self-hosted","1"
"keep_files","9"
"artifact","2"
"KMP_DUPLICATE_LIB_OK","1"
"build-docs","3"
"options","51"
"RELEASE_VERSION","1"
"exclude_urls","1"
"test-nosoftdeps","1"
"latest-pytorch","1"
"allowUpdates","2"
"linux-gcc-armhf-vfpv3-d16","4"
"env-script","1"
"extra_args","4"
"large-packages","2"
"php-versions","47"
"pr-tests-notebook-stack","11"
"issue-number","2"
"MacOS","1"
"requires","1"
"dotnet","1"
"node_url","2"
"reaction-type","5"
"security-image-initializer-rclone","1"
"cxxflags","2"
"tensorflow","6"
"clang-linux","3"
"REPO","4"
"test_and_lint","6"
"linux-mips-mti","1"
"private-key-pem","1"
"retry_on","20"
"xgboost","6"
"build-native","2"
"config-file","1"
"check_models","3"
"release-packages","2"
"run_tests_torch_gpu","4"
"registry-url","13"
"scan-mongo-latest-trivy","23"
"scan-headscale-snyk","7"
"test-R-CRAN","3"
"role-duration-seconds","4"
"PYTHONUNBUFFERED","4"
"linux-aarch64-timvx-gcc","1"
"call-cd-post-release-tests","3"
"ONNX_WHEEL_PLATFORM_NAME","2"
"ci-test","2"
"KAGGLE_USERNAME","1"
"TOX_PYTHON","1"
"publish_sklearn_integration","3"
"alert-comment-cc-users","1"
"MARKERS","2"
"run_extract_warnings","2"
"build-win","1"
"pr-feedback","2"
"tag_semver","1"
"integrate_test","1"
"build-linux-aarch64","2"
"build-main-apex","10"
"group","41"
"devcontainer-merge","1"
"format","27"
"create_ticket","2"
"MECAB_LANG","1"
"done","1"
"manylinux-release-wheel","1"
"CI_SHA","1"
"linux-test","2"
"CONDA_ENV","1"
"OLDEST_PY_VERSION","2"
"linux-gcc-avx2","2"
"discord_message","1"
"flag-name","2"
"Win","1"
"test-compiler","9"
"SCRIPT_MODE","3"
"test-ios","1"
"albumentations-version","2"
"credentials","7"
"gcc_version","20"
"values","6"
"python-system-installation-on-ubuntu","1"
"android-armv7-nostdio","2"
"build_and_push_image","1"
"tvos","1"
"okteto_preview-close","2"
"delete-artifacts","4"
"dco","1"
"browser","2"
"parallel-finished","3"
"test-without-cache","2"
"other-deploy","6"
"MinimalVersion","1"
"requirements","4"
"process","2"
"debug","4"
"run_all_tests_torch_cuda_extensions_gpu","5"
"repository-url","2"
"docker-build-publish","1"
"conda-build","6"
"GCC_VER_MACOS","1"
"clean","7"
"package_build","1"
"asan","2"
"aws-resource-tags","4"
"build-command","19"
"test-minimal-deps","2"
"build","763"
"test-nodevdeps","1"
"lint-backend","2"
"check-diff","4"
"pre-script","12"
"CIBW_MUSLLINUX_I686_IMAGE","1"
"SNOWFLAKE_CI_USER","2"
"sync-branch","4"
"test-unit-frontend","6"
"TRAVIS_OS_NAME","26"
"path","572"
"force_orphan","2"
"kedro","9"
"dockerhub","4"
"LD_LIBRARY_PATH","23"
"publish-neptune","2"
"PROTOCOL_BUFFERS_PYTHON_IMPLEMENTATION","1"
"grid-frontend-tests","4"
"linux-gcc-arm82dot-omp","3"
"wheel_tag","2"
"test_editable_mode","2"
"pyenv","30"
"profile","20"
"id_token","1"
"remote-organization-name","2"
"OSSRH_TOKEN","1"
"R_MAX_NUM_DLLS","1"
"tags","701"
"macos-windows-build-pypi-publish","4"
"route","2"
"exclude-checks","1"
"defaults","178"
"exclude_assets","1"
"test_min_install","2"
"test_and_coverage","1"
"turing-app","2"
"formatting","16"
"ignore_sha","3"
"remove_images","2"
"cuda","5"
"build-and-push-docker-images","30"
"android-armv7-noneon","3"
"run_tests_tf_gpu","3"
"process-only","2"
"ACF_PRO_KEY","4"
"syft-libs-tests-latest-versions","1"
"manylinux-version","9"
"build-push-docker-images","3"
"test_unix_wheels","40"
"MKL_NUM_THREADS","7"
"pytorch-version","149"
"deploy-helm","12"
"journal","4"
"swap-size-mb","2"
"sbom","1"
"WL_DATASET_NG","3"
"override","10"
"sacred-notify","3"
"test_python_code_only","1"
"cache-restore-keys","4"
"dry-run","1"
"CIBW_SOME_OPTION","6"
"TARGET_URL","3"
"security-image-mlserver-sc-slim","2"
"doc-quality","3"
"test-asreview-visualization","1"
"COVERALLS_REPO_TOKEN","12"
"scan-backend-snyk","6"
"_R_CHECK_CRAN_INCOMING_REMOTE_","1"
"jobtitle","4"
"nbfmt","1"
"osx_arm","1"
"PIP_UPGRADE","2"
"WITH_DEBUG","1"
"BACKEND","16"
"days-before-issue-close","3"
"GH_USER","2"
"test-algo","10"
"jdkFile","6"
"fetcher-notify","1"
"build-and-push-image","2"
"pylint","2"
"build_linux_base","1"
"path-to-lcov","16"
"openai_azure_endpoint","1"
"timeout-minutes","209"
"add-comment","4"
"test-release-wheel","3"
"unit-test-java","2"
"CIBW_ARCHS_LINUX","15"
"build_docker_image","1"
"build-main","12"
"CIBW_MANYLINUX_S390X_IMAGE","2"
"_R_CHECK_EXAMPLE_TIMING_CPU_TO_ELAPSED_THRESHOLD_","2"
"latex","3"
"tenant-id","1"
"PIPX_HOME","1"
"pull-request-links","2"
"WITH_UNITY","2"
"PIP_UPGRADE_STRATEGY","2"
"autoblack","10"
"macos-release-wheel","2"
"enable_warnings","20"
"ENABLE_BITCODE","1"
"skip_existing","1"
"user_email","1"
"test","208"
"auto-activate-base","18"
"GITHUB_TOKEN","94"
"DEBIAN_FRONTEND","1"
"Linux","1"
"prophet-notify","9"
"all_but_latest","2"
"clickhouse","2"
"check-milestone","4"
"auto_backport_label_prefix","1"
"any-of-labels","1"
"build-docker","4"
"service_account_key","4"
"scan-headscale","1"
"Deploy","2"
"title","13"
"crowdin_branch_name","2"
"docs_deploy","1"
"circleci-jobs","9"
"linux-x64-cpu-gcc","2"
"load","4"
"github_actions","2"
"requirementsFiles","1"
"scan-seaweedfs-snyk","4"
"build-macos-arm64","4"
"coveralls_finish","3"
"test-windows-wheels","2"
"owner","1"
"ADDITIONAL_DEBS","6"
"slow-pytest","4"
"ACTIONS_ALLOW_UNSECURE_COMMANDS","1"
"TWINE_REPOSITORY","2"
"spelling","2"
"custom","13"
"test_pypi","3"
"length","1"
"schedule","395"
"xcode-version","1"
"cleanup_dynamo_tables","1"
"nightly-torch-deepspeed-docker","2"
"pr-tests-hagrid","1"
"MYSQL_ROOT_PASSWORD","1"
"build_wheels_qemu","1"
"weekly-gputests","6"
"required_checks","3"
"highest_semver_tag","1"
"clean-acr","1"
"CLA","2"
"target-architecture","3"
"deploy_on_main","1"
"include_url_prefix","3"
"upload_coverage","2"
"mruby_version","6"
"SDKROOT","6"
"is_doc","1"
"pipelines-windows","1"
"stale","16"
"test-mlflow","1"
"MADS_NO_PYTHON","1"
"WHICH","4"
"action","8"
"export_default_credentials","3"
"build-mac","1"
"VERSION_FILE","2"
"TOKEN","1"
"IMAGE_NAME_CLI","1"
"python","151"
"fail_ci_if_error","16"
"DEVELOPER_DIR","3"
"UDUNITS2_LIBS","3"
"cliArgs","3"
"update-data","2"
"destination_branch","4"
"model_zoo_mxnet","2"
"node_version","8"
"BUMP_VERSION","1"
"typecheck","1"
"with-xpu","2"
"GIT_AUTHOR_NAME","1"
"LATEST_FLAG","1"
"use-public-rspm","4"
"root_path","1"
"contents","20"
"process_labels","2"
"OS_INTERFACE","4"
"doc","2"
"interval","1"
"evaluate","1"
"snapshot","3"
"status","8"
"server","24"
"credo","1"
"run-on","1"
"creds","12"
"test_pypi_password","2"
"notify","8"
"run_amd_ci_mi250","3"
"aws-region","6"
"ubuntu-1604-shared","1"
"file","64"
"GITHUB_PROJECT_COLUMN_NAME","1"
"build-docker-image","4"
"performance_threshold_sec","3"
"linux-armv8-cpu-gcc-timvx","2"
"Explore-GitHub-Actions","4"
"run_new_model_tests","2"
"release_platform","48"
"build-hvd","7"
"autopep8","22"
"CIBW_MANYLINUX_PYPY_AARCH64_IMAGE","1"
"RUNNER_ENV_STATUS","1"
"POETRY_VERSION","23"
"deploy-syft-beta","8"
"Check-codestyle","1"
"sklearn-notify","8"
"amber","1"
"torch","1"
"DOCUMENTER_KEY","4"
"scan-traefik-trivy","13"
"e2e_s3","7"
"url","1"
"SIGOPT_API_TOKEN","2"
"machine","17"
"notification_title","13"
"circleci_artifacts_redirector_job","6"
"llvm-diff","2"
"ado_iteration_path","2"
"neptune_ref","2"
"integration-test-python-local","2"
"pre-release","18"
"use","1"
"subject","2"
"MONGO_URI","4"
"TORCH_VER","8"
"CPU","1"
"main","8"
"jekyll","2"
"HOROVOD_WITHOUT_TENSORFLOW","1"
"conda-package-directory","2"
"remove-codeql","1"
"mongodb-version","7"
"DISCORD_WEBHOOK_URL","1"
"test-asreview-datatools","2"
"activate-environment","32"
"pr-tests-syft-notebook","7"
"log-filename","2"
"ampere_gpu","1"
"PIP_NO_BINARY","4"
"Build","3"
"docs_tests","1"
"IMAGE_URI","36"
"build_type","32"
"artifacts","3"
"machine_type","5"
"MAVEN_CACHE","3"
"workflow","1"
"ado_project","3"
"linux-clang-simplestl","1"
"rebuild-docker-images","2"
"security-image-python-xgboost","1"
"ORACLE_URI","2"
"release-checks","9"
"publish_ui","1"
"validate-version","2"
"CI_WORKFLOW_REF","1"
"steps","14667"
"windows-vs2019-shared","1"
"windows_images","1"
"stale-issue-message","6"
"task","33"
"pr-tests-syft-notebook-python","3"
"IOS_DEPLOYMENT_TARGET","1"
"unit_test","1"
"init-shell","2"
"CIBW_BEFORE_ALL_MACOS","2"
"call-syft-security","8"
"linux-clang-avx2","1"
"install_with_pipenv","1"
"linux-full","1"
"REGISTRY","1"
"build_linux","1"
"branches-ignore","16"
"publish_conda","1"
"max-parallel","135"
"HEAD","3"
"DOCKER_IMAGE_NAME","2"
"run_amd_ci_mi210","4"
"delete","3"
"lightning-notify","9"
"use-dco-flag","3"
"DOCS_VERSION","2"
"call-pr-tests-stack-public","7"
"combinatorial-tests","1"
"alert-threshold","1"
"security-image-python-sklearn","1"
"inference_image_build","2"
"build-linux","10"
"ec2-instance-id-ludwig-ray-gpu","1"
"cache-from","75"
"linux-deploy","6"
"sarif_file","4"
"CLICKHOUSE_URI","1"
"commit_author_name","1"
"ruby","8"
"master","20"
"COMMENT_MARKER","11"
"stack-integration-tests-windows","8"
"OVERRIDE","1"
"release_branch","1"
"JULIA_NUM_THREADS","3"
"tutorials","5"
"r_version","49"
"PACKAGE_VERSION","2"
"REDIS_CONNECTION_STRING","1"
"pytest-gpu","2"
"DYLD_LIBRARY_PATH","2"
"llm-tests","1"
"detectron2-notify","6"
"min_requirements_matplotlib","1"
"MYSQL_TEST_PROT","2"
"gpu-hvd-tests","2"
"HF_HUB_ENABLE_HF_TRANSFER","1"
"scan-tailscale-snyk","7"
"linux-x64-cpu-timvx-gcc","1"
"test-filenames","8"
"HF_HOME","10"
"patch","1"
"PLATFORM","3"
"protos","5"
"BEFORE_INSTALL_TARGET_DEPENDENCIES","7"
"py39","3"
"runner","20"
"concurrent_skipping","3"
"sagemaker","1"
"DevBuildsWin","1"
"COVERALLS_PARALLEL","6"
"test-module","1"
"build-directory","1"
"module","15"
"e2e_s3_gcs","8"
"destination_dir","1"
"upload-coverage","3"
"ZENML_ANALYTICS_OPT_IN","2"
"regex","1"
"build_id","11"
"package-docs","2"
"MaxQt6Dynamic","2"
"linux-gcc-mipsel","2"
"protos_changed","1"
"merge-multiple","5"
"black-test","1"
"image_postfix","2"
"components","7"
"latest-quantization-torch-docker","1"
"is_docker","1"
"CI_COMMIT","1"
"python-tests-all","9"
"days-before-close","3"
"linux-clang-simplestl-simpleomp","1"
"test-linux","2"
"RUN_SLOW","2"
"remove_label","1"
"JAVA_VERSION","10"
"php5-6_wordpress4-4","6"
"env-var-script","1"
"SNOWFLAKE_CI_DEPLOYMENT","2"
"linux-gcc-aarch64","2"
"tag_name","10"
"publish-npm","6"
"android-aarch64-gpu-ndk-r16b","1"
"linux-cross","7"
"CIBW_REPAIR_WHEEL_COMMAND_WINDOWS","2"
"WITH_CUDA","2"
"call-pr-tests-syft","37"
"multibuild","4"
"HAGRID_ART","10"
"COMPILER","1"
"publish-ingestion-jar","3"
"mane","1"
"REPOSITORY","3"
"GenerateWinStaticBinaries","2"
"CXX","41"
"torch_platform","1"
"folders","5"
"deploy-hagrid","5"
"BUILD_DEPENDS","2"
"wordpress","3"
"ec2-instance-id","1"
"tutorials-html","1"
"project","4"
"cache-to","75"
"cypress-run","2"
"rustfmt","1"
"TEST_FAST","1"
"check-codestyle","1"
"LABELS","2"
"merge-docker-images","6"
"GRAND_CHALLENGE_WEB_REPOSITORY_URI","3"
"CIBW_BUILD","18"
"event_file","3"
"compiler_version","6"
"slackChannel","1"
"build-micdemo-self-hosted","1"
"log_level","2"
"docker-hub","1"
"post_release_version_bump","6"
"with.args","4"
"test-integration-backend","3"
"repo-token","11"
"channels","16"
"BUILD_ARGS","1"
"paths","928"
"fallbackNpm","8"
"test-homebrew","4"
"tests-coverage","2"
"mongo","1"
"sklearn","10"
"BUILDKIT_PROGRESS","1"
"update","2"
"detect","1"
"JEKYLL_PAT","2"
"linux","21"
"target-folder","4"
"ACCESS_REPO_INFO_TOKEN","1"
"python-skinny","1"
"summary","2"
"registry","12"
"integration-test","5"
"test-datasets","1"
"lintr","3"
"required_check","1"
"check_code_formatting","7"
"Wasm","3"
"cluster-name","4"
"OS_AUTH_TYPE","4"
"enable_jekyll","10"
"runs-on","1308"
"c_compiler","1"
"forceOrphan","2"
"linux-gcc-riscv64-c906","1"
"POST_TASK","36"
"comment","2"
"asset_path","40"
"pull-request","1"
"review-message","1"
"run_doctests","4"
"base","47"
"NODE_PORT","3"
"workflow_run","136"
"unit-test-ui","1"
"build-instrum","2"
"discussions","1"
"test-oldest-versions","1"
"test-unix","1"
"KERAS_VER","1"
"python-small","2"
"aqtversion","2"
"old-engine","3"
"permissions","246"
"mention_users_when","11"
"ghpages-deploy","3"
"MB_ML_VER","3"
"test-R-on-Windows","1"
"exclude-regex","4"
"GITHUB_CI","1"
"linux-gcc-gpu-lavapipe","2"
"cuda_arch_version","1"
"READTHEDOCS","1"
"MPLBACKEND","1"
"stack-integration-tests-arm64","15"
"changelog","1"
"wait-for-green-master","4"
"prNumber","1"
"Minimal","2"
"js_karma","2"
"benchmark","14"
"Namespace","3"
"ALLENNLP_VERSION_OVERRIDE","1"
"fail","6"
"security-image-request-logger","2"
"build_autotools","4"
"linux-medium","1"
"upload-dev-container","1"
"make_test","3"
"activate-conda","2"
"os-type","1"
"tests-cpu-version-fast","3"
"message-title","1"
"github-token","32"
"tensorflow-version","33"
"base_ref","6"
"e2e_integrations","2"
"eslint","16"
"install-dev","3"
"package-ecosystem","2"
"DummyJob","3"
"phpstan","2"
"SKBUILD_STRICT_CONFIG","1"
"verify","2"
"md-analysis","5"
"test-asreview-wordcloud","1"
"adthrive","8"
"torch_version","54"
"include","947"
"pr-test-stack-public","1"
"NODE_AUTH_TOKEN","3"
"CIBW_TEST_REQUIRES","1"
"pypi-release","1"
"shellcheck","1"
"incremental","9"
"TORCHAUDIO","2"
"_PASSWORD","6"
"mlflow","1"
"npm-publishing","2"
"turing-jdbc","2"
"VERSION","4"
"<<","5"
"RUNNER_STATUS","3"
"post-merge","1"
"test-clean-install-neptune-client","3"
"CI_SKIP","3"
"actions-cache-folder","2"
"POSTGRES_URI","1"
"TEST_NOTEBOOK_PATHS","17"
"test-job","1"
"test-nosoftdeps-full","1"
"workflow_dispatch","254"
"pr-tests-helm-upgrade","12"
"from","2"
"stack-tests-course","9"
"PYTHONPATH","7"
"CIBW_ENVIRONMENT_LINUX","1"
"mention_users","6"
"offset","2"
"ubuntu","13"
"subscription-id","1"
"clang-format","1"
"smoke_test","1"
"test-cache","2"
"scan-syft-requirements","9"
"FEAST_USAGE","5"
"test-end-to-end","2"
"ray-version","38"
"GITHUB_ACTOR","4"
"binaries","2"
"android-armv7-nostring","2"
"wait-on","1"
"MAVEN_PASS","2"
"FORCE_COLOR","1"
"DOCKER_HOST","3"
"ACTIONS_DEPLOY_KEY","2"
"unittest-check","2"
"build_pp","1"
"test-other","1"
"chunk","20"
"platform","73"
"source_branch","2"
"environment-file","14"
"manylinux-cpu-release-test","1"
"paper","4"
"stack-notebook-tests","1"
"CIBW_BUILD_FRONTEND","1"
"enable-latex","1"
"CIBW_MANYLINUX_PPC64LE_IMAGE","2"
"RSPM","19"
"flutter-version","1"
"pull-requests","18"
"release_tag","9"
"file_glob","1"
"ELASTICSEARCH_INDEX_NAME","2"
"run_tests_torch_multiple_gpu","1"
"build-32bit","2"
"command","80"
"GH_TOKEN","6"
"check_registry","4"
"pr-tests-notebook-scenario-k8s-sync","6"
"pygrid-unit-tests","14"
"AWS_KEY_ID","3"
"FLAIR_CACHE_ROOT","1"
"sonarcloudomniscidbpython","2"
"vipcs","5"
"flavors","1"
"LinuxDynamic","5"
"XGBOOST_RABIT_TRACKER_IP_FOR_TEST","2"
"upload-preview","1"
"cibw-arch","1"
"result-encoding","1"
"kedro-notify","11"
"codeball_job","2"
"checkName","5"
"webassembly-nosimd","1"
"branch","45"
"model_tests","2"
"pr-syft-image-test","5"
"multisite","2"
"pypi_password","2"
"SNOWFLAKE_CI_WAREHOUSE","2"
"reporter-id","2"
"EC2_INSTANCE_ID","18"
"pool","1"
"packages","40"
"version","297"
"coverage-artifacts-name","1"
"wordpress_tests","1"
"extensions","8"
"VULKANSDK_VER","1"
"acf-pro-enabled","2"
"folder","8"
"test-long","5"
"aws-access-key-id","9"
"HF_HUB_READ_TOKEN","1"
"persist-credentials","4"
"build_test","6"
"build-docker-image-java","1"
"head_ref","4"
"auto-push","1"
"linux-gcc-power9le-vsx","2"
"test-with-R","4"
"issue-message","35"
"conda-build-publish","2"
"VIMEO_API_KEY","4"
"linux-gcc-x86-timvx-simulator","1"
"gtest-cpu","1"
"trigger-approve-pr","1"
"matrix","971"
"php5-3_compat","8"
"deploy-syft-cli","4"
"linux-clang-nostdio-nostring-simplestl","1"
"scitt-url","1"
"MESSAGE","2"
"ORIGIN","3"
"repo_token","12"
"python-large","1"
"ubuntu-2204-shared","1"
"DOCKER_REGISTRY","6"
"codecov","6"
"CACHE_PREFIX","5"
"CC","13"
"haskell","1"
"smoke-examples","1"
"code-format","8"
"flavour","29"
"remove-dotnet","6"
"linux-gcc-arm82-omp","5"
"CI","4"
"FEAST_SERVER_DOCKER_IMAGE_TAG","1"
"DOCUMENTER_DEBUG","1"
"concurrency","180"
"TFP_VER","70"
"gcs-secret-access-key","1"
"pr-tests-migrations-k8s","6"
"CIBW_BEFORE_TEST","1"
"close-issue-message","2"
"macos-nightly-bazel","2"
"inputs","73"
"github_token","24"
"py311","4"
"py310","2"
"deploy-syft-alpha","29"
"build-mode","1"
"ref","118"
"start-runner","14"
"latest-pytorch-deepspeed-amd","1"
"webportal-plugins","1"
"stack-integration-tests-tff-arm64","13"
"finish","8"
"upload-snapshots","5"
"call-stack-integration-public_tests","2"
"stack-integration-tests-network","1"
"python-coverage","9"
"test-latest-versions","2"
"add","178"
"python-tests-latest-versions","7"
"my-job","2"
"use-mamba","1"
"pre-build-command","24"
"from_branch","4"
"acf-pro-key","2"
"CIBW_MUSLLINUX_PPC64LE_IMAGE","2"
"users","1"
"tags-ignore","8"
"c-api-demo","1"
"tests","22"
"shell","751"
"R-CMD-check","43"
"buildx-version","4"
"MLFLOW_CONDA_HOME","1"
"pytorch-dtype","15"
"pull_strategy","26"
"test-backend","3"
"NEUROPOD_VERISON","1"
"linkChecker","1"
"directory","8"
"tests-cpu-old-torch-new-py","3"
"notify-dockerhub-update","2"
"linux-gcc-riscv64-rvv","1"
"run_all_tests_torch_gpu","2"
"kube-runtime","2"
"exempt-draft-pr","1"
"CIBW_BEFORE_ALL","2"
"generate_changelog_file","4"
"build-neptune-client","3"
"linux-gcc-ppc64le","2"
"max_retry_time","3"
"pre_job","1"
"external_repository","1"
"label","4"
"env","1258"
"working-directory","353"
"message","103"
"notebook-test-hagrid","29"
"environment","22"
"trigger_builds","2"
"TF_VERSION","2"
"PR_ID","1"
"pull_request_number","4"
"commitish","2"
"configurationJson","4"
"ramp_workflow_url","2"
"filter_mode","2"
"BASE_BRANCH","3"
"username","11"
"pr-tests-frontend","5"
"scan-traefik-snyk","69"
"num_gpus","1"
"max_depth","3"
"release","131"
"commitlint","2"
"security-image-executor","1"
"windows-vs2019-gpu","4"
"pr-tests-scenarios-migrations","6"
"PYPI_NIGHTLY_USERNAME","2"
"build-sdist","2"
"pr_body","5"
"MacOSDynamic","5"
"LinuxStatic","2"
"draft-release","16"
"py-version","24"
"latest-torch-deepspeed-docker","3"
"gpu-arch-version","4"
"CIBW_ARCHS_WINDOWS","7"
"target-branch","2"
"IF","1"
"CIBW_ARCHS_MACOS","8"
"torch-tests-latest-versions","3"
"release-images","2"
"test_components_without_extras","2"
"s2i-wrapper","1"
"build_package","4"
"doxygen","2"
"keras-notify","9"
"volumes","5"
"target_branch","6"
"verify-python-wheel","4"
"pr-tests-stack","8"
"script","64"
"gpu-arch-type","1"
"driver","1"
"TWINE_PASSWORD","57"
"security-image-alibi-detect","1"
"Build_Docker_Image","1"
"PACKAGENAME","15"
"gcc-linux","3"
"wpcs","2"
"TVOS_DEPLOYMENT_TARGET","1"
"lint-versions","1"
"output3","2"
"output1","3"
"output2","2"
"commit-message","8"
"formatting-check","26"
"macports","2"
"login","2"
"stack-integration-tests-security","1"
"PYTHON","2"
"manually-delete-buildjet-cache","20"
"fail-fast","126"
"build_zip","16"
"SPARK_HOME","3"
"new_command_on_retry","2"
"repository_url","10"
"sacred","3"
"deployment","2"
"pr-tests-syft-notebook-scenario-sync","2"
"timout-minutes","2"
"content-filepath","2"
"check_core","1"
"ubuntu-1804-shared","1"
"musllinux-cross","17"
"mlflow-notify","1"
"stack-integration-tests-k8s","6"
"cache-path","4"
"MYSQL_TEST_ADDR","3"
"test-against-pre-releases-of-dependencies","4"
"time-startup","3"
"prototype","3"
"GH_PAT","12"
"WORDPRESS_VERSION","7"
"SERVICE_ACCOUNT_NAME","2"
"HIGHEST_SEMVER_TAG","1"
"send_results","5"
"MCL","2"
"GITHUB_PAT","18"
"manifests","13"
"outputs","65"
"keyword_path","5"
"set-matrix","4"
"body","19"
"onnx-version","12"
"ec2-instance-id-ludwig-ray","1"
"UPSTREAM_WORKSPACE","2"
"pages","1"
"hf-integration-tests","2"
"cmakeArgs","2"
"run_all_tests_torch_cuda_extensions_multi_gpu","2"
"ALLOWED_TEAMS","5"
"links","4"
"code-cov","5"
"PERSONAL_ACCESS_TOKEN","4"
"all","4"
"upload-artifact","2"
"test-python","5"
"show-versioninfo","1"
"test-with-jvm","3"
"python-tests-on-ubuntu","1"
"MAX_PY_VERSION","3"
"tool","3"
"ocaml-version","5"
"linux-gcc-gpu","3"
"test_no_extras","6"
"unit","2"
"macos-nightly-release","1"
"SDSS_LOCAL_SAS_MIRROR","5"
"phpcs","4"
"linter","6"
"ado_area_path","4"
"ame","8"
"mention_groups_when","1"
"days-before-pr-stale","1"
"TRAVIS_BUILD_NUMBER","4"
"linux-gcc-x64-avx512","1"
"ScanLinux","2"
"pullRequestOpened","6"
"linux-gcc-arm32","1"
"test-android","1"
"elixir","132"
"MAVEN_EXTRA_OPTS","1"
"label-ludwig-ray","1"
"python-linting","2"
"call-linting","8"
"SPARK_LOCAL_IP","3"
"OPENCV_VERSION","21"
"wordpress_multisite","2"
"test-unix-pandas1","1"
"check-comment","2"
"JULIA_DEBUG","2"
"short_server_version","6"
"huggingface-notify","9"
"world-update","16"
"mongodb","8"
"macos-clang","2"
"linux-gcc-x86-avx2","1"
"assign_issue_to_project","2"
"fastai-notify","11"
"manifest","5"
"custom_container","1"
"NEPTUNE_RETRIES_TIMEOUT","1"
"label-ludwig","2"
"hagrid-tests","2"
"SSH_DFFML_GH_PAGES","1"
"source-directory","2"
"check-repo-format","2"
"watchos","1"
"test-base","1"
"build-images","8"
"strategy","1142"
"skip-network-tests","11"
"ADMIN_NEPTUNE_API_TOKEN","1"
"conda_env","4"
"notebook-test-k8s-k3d","7"
"run_all_tests_torch_multi_gpu","1"
"nim","6"
"java","22"
"TARGET_WORKSPACE","2"
"buildx","2"
"publish-to-pypi","8"
"python-allowlist","2"
"DOCS","1"
"publish_pypi","1"
"tests-45","1"
"lightning","9"
"ref_name","1"
"ext","6"
"python-nb-examples","12"
"models","1"
"cache","145"
"build_wasm","2"
"close_stale_issues","4"
"pr_id","1"
"cpu_tests","2"
"linux-clang-nostring-simplestl","1"
"make_Linux_test","2"
"tests-nightly","1"
"GITHUB_USER","5"
"pull-request-number","2"
"CARGO_INCREMENTAL","1"
"publish_dir","24"
"micromamba-version","2"
"fetcher","1"
"do_update_viablestrict","2"
"user_name","1"
"runs_on","1"
"cxx_compiler","1"
"working_directory","2"
"torchaudio-version","6"
"public-api-typed","2"
"default","80"
"notify_when","10"
"MainSequence","4"
"EXCLUDE_ALLENNLP_IN_SETUP","2"
"restore-keys","201"
"stale-pr-message","5"
"root-reserve-mb","3"
"timeout_seconds","5"
"build_XSTools_Linux","2"
"WP-ver","13"
"BUILDKITE_API_ACCESS_TOKEN","1"
"test-asreview-statistics","5"
"test-dashboard-src","4"
"LASMOT_DR5_DATA","1"
"linux-gcc-arm86","1"
"test-path","7"
"TICK_WERROR","3"
"linux-gcc-arm84","1"
"test_tf220rc1_cpu_in_small_docker_image","1"
"CIBW_MANYLINUX_X86_64_IMAGE","3"
"black","3"
"linux-gcc-arm82","1"
"local-dev-tools","2"
"KUBE_CONFIG_DATA","6"
"TRAVIS_COMMIT","4"
"jdk","8"
"WORDLIFT_KEY","2"
"watchdog","2"
"job_name","3"
"plugin","28"
"sklearn-only","8"
"build-python-sdk-macos-py310","2"
"linux-gcc-ppc","1"
"issue-comment","2"
"del_runs","12"
"CIBW_ENVIRONMENT","16"
"test-cpp","5"
"algo","6"
"expensive_tests","16"
"YOUTUBE_DATA_API_KEY","4"
"message_format","25"
"build_docs","4"
"PYTHON_MAIN_VERSION","3"
"run","13253"
"destination-github-username","2"
"paths-ignore","133"
"operator","2"
"pull_requests","9"
"pipelines","1"
"book-weekly","10"
"gpu_flavor","6"
"test-framework","1"
"nextcloud-versions","6"
"unit-tests","4"
"tests-01","2"
"cron","402"
"mimaReport","2"
"node-version-file","15"
"build-python-wheel","4"
"CCACHE_SLOPPINESS","3"
"image-ref","84"
"pandoc-version","1"
"max_attempts","2"
"name","7602"
"pytest-modules","70"
"audio_path","5"
"fields","5"
"author_name","21"
"distro","3"
"run_tests_torch_cuda_extensions_single_gpu","2"
"HOROVOD_WITHOUT_MPI","3"
"test-r-valgrind","2"
"import","2"
"node-version-matrix","2"
"api-token","2"
"CI_EVENT","1"
"android","1"
"tests-and-analysis","2"
"description","92"
"TORCHSCRIPT_VERISON","2"
"png_ver","1"
"Tests","7"
"PYTHONUTF8","1"
"PYTEST_MODULES","8"
"DISPLAY","8"
"PUBLISH_DIR","3"
"debugging","2"
"build-publish","7"
"UpdateDevTag","8"
"ACTIONS_ALLOW_USE_UNSECURE_NODE_VERSION","3"
"stale-pr-label","4"
"junit_report","2"
"create-issue","4"
"julia-version","120"
"severity","9"
"docs-folder","14"
"DOCKER_IMAGE","3"
"pytorch_version","1"
"close-issues","8"
"CI_BUILD_NUMBER","1"
"npm","2"
"js_jest","9"
"torchvision-version","6"
"ubuntu-test","4"
"target","74"
"access_key","14"
"PR_NUMBER","3"
"LABEL_MAPPINGS_FILE","1"
"platform_id","2"
"tests-cpu-fp64","4"
"torch-version","139"
"AWS_INSTANCE_TYPE","9"
"cache-environment","1"
"container","212"
"excludes","11"
"build-micdemo","1"
"build-python-sdk","2"
"experimental","2"
"issues","36"
"issuer","4"
"industrial_ci","8"
"is_special","1"
"packages_dir","9"
"sanity-check","2"
"CIBW_MANYLINUX_I686_IMAGE","6"
"miniconda-version","36"
"cran-package","2"
"test-macports","1"
"OFFLINE_RUNNERS","1"
"MYSQL_URI","5"
"hagrid-hash-challenge","12"
"PYTHON_VERSION","12"
"plan","1"
"minimum_numpy","2"
"scan-tailscale-trivy","6"
"images","20"
"GIT_AUTHOR_EMAIL","1"
"windows-vs2022-shared","1"
"ocaml-compiler","1"
"pytorch-channel","9"
"spark30_java11","4"
"access_token","5"
"scan-mongo-latest-snyk","25"
"pure-python","2"
"get_data","2"
"use-only-tar-bz2","5"
"style","2"
"clang-version","1"
"matched","2"
"check_suite","2"
"linux-gcc-cpp03","1"
"TestsQt6","2"
"CI_COMMIT_URL","1"
"CONFIG_FILE","4"
"test-upgrade-0-16","3"
"CIBW_BEFORE_BUILD","22"
"WebAssembly","1"
"build-hvd-apex","9"
"repo","6"
"INSTALL_LARGE_PYTHON_DEPS","1"
"pattern","6"
"flags","14"
"ado_close_state","1"
"test1","1"
"toolchain","31"
"torch-tests-previous-versions","2"
"cuda_version","21"
"AWS_ACCESS_KEY_ID","10"
"base_sha","1"
"Build_Docker_image","1"
"build_wheels_qemu_pp","2"
"protect","1"
"architecture","76"
"gpu-tests","2"
"make_distrib","2"
"autopep8-black","2"
"build_windows","10"
"operations-per-run","3"
"prerelease","13"
"auto-update-doc","2"
"test_numpy2","2"
"musllinux","3"
"qemu-version","2"
"linux-armv7-cpu-gcc","4"
"android-armv7-nostdio-nostring","2"
"pr-tests-frontend-e2e","11"
"WHEEL_SIZE","1"
"workflow_id","5"
"generate-changelog","2"
"test_map","1"
"CUDA_LAUNCH_BLOCKING","1"
"WITH_CUDNN","4"
"TORCH_CPU_INSTALL","3"
"AWS_PYTORCH_UPLOADER_ACCESS_KEY_ID","2"
"job-status","7"
"frameworklauncher","2"
"LDFLAGS","2"
"miniforge-variant","2"
"notification","10"
"check-path","13"
"run_all_tests_flax_gpu","1"
"test-protobuf-versions","1"
"scan-backend-trivy","6"
"isMaster","9"
"phpunit-xml","58"
"sktime-component","2"
"base_repo","1"
"KERAS_BACKEND","2"
"FOLDER","11"
"ENABLED_COMMANDS","10"
"package","39"
"DOCKER_TOKEN","2"
"kind","1"
"build-python-sdk-no-telemetry","3"
"apply-patches","4"
"android-gpu-shared","1"
"AWS_IMAGE_ID","9"
"PREFIX","1"
"event_name","1"
"upload_url","18"
"stack-integration-tests-public","11"
"CI_SLACK_CHANNEL_ID_DAILY","2"
"option","1"
"python-version","3039"
"nightly-merge","2"
"USE_CUDA","2"
"app-code-check","2"
"contribute","9"
"run_tests_tf_multiple_gpu","3"
"test-r-debian-clang","2"
"lint-cli","1"
"pr-inactive-days","2"
"linux-gcc-avx-omp","2"
"MAVEN_OPTS","1"
"mosaicml","1"
"linux-gcc","2"
"precommit","1"
"run_tests_torch_cuda_extensions_gpu","5"
"deploy_doxy","14"
"database","3"
"allowfail","1"
"UPSTREAM_PACKAGE_NAME","1"
"AZURE_BLOB_STORAGE_KEY","10"
"parallel","4"
"newlib-rv64gcv-gcc","3"
"Release","1"
"GH_ACCESS_TOKEN","5"
"wip","2"
"build_args","2"
"Update-data-files","4"
"yamllint","1"
"COMMIT","2"
"create-syftcli-binaries","6"
"GITHUB_PR_ORIGIN","3"
"valid-codeowners","2"
"analyze_environment_2","3"
"aws-secret-access-key","9"
"analyze_environment_3","3"
"do-the-thing","7"
"Summary","2"
"uses","5461"
"call-syft_tests","8"
"doc-builder","1"
"user","32"
"frontend","2"
"PATH","13"
"PKG_CONFIG_PATH","2"
"dotnet-version","27"
"HOROVOD_WITH_TENSORFLOW","2"
"destination-repository-name","2"
"bump-version","3"
"docstrings","1"
"build-ubuntu","7"
"linters","10"
"latest-with-torch-nightly-docker","2"
"pr-tests-syft-unit","3"
"run_tests_torch_and_tf_gpu","1"
"repository_dispatch","2"
"draft","6"
"overwrite","4"
"pre-tests","1"
"matrix.image","1"
"deploy-imjoy-core","1"
"fallback-style","1"
"documentation","2"
"ENABLE_VISIBILITY","1"
"publish-web-ui-npm","1"
"owner_repository","1"
"docker_build","5"
"cpu-tests","3"
"hagrid-pip","8"
"fetch-tags","1"
"PYTHON_COMMAND","4"
"NODE_URL","2"
"windows-vs2015","2"
"windows-vs2017","4"
"UpdateDevReleaseTag","2"
"static-analysis","4"
"windows-vs2019","8"
"lint-frontend","1"
"test-folder","34"
"path-to-document","3"
"QT_QPA_PLATFORM","1"
"pr-comment","1"
"bc","1"
"DOCKERHUB_USER","1"
"trufflehog","1"
"PYTHON_CONFIGURE_OPTS","1"
"case-insensitive-filesystem","2"
"CIRCLE_TOKEN","1"
"publish-ingestion-pylibs","1"
"scan-headscale-trivy","5"
"slackNotification","1"
"label-ludwig-ray-gpu","1"
"build-simulator","7"
"ORCHESTRA_DEPLOYMENT_TYPE","2"
"windows-vs2022","1"
"QtStatic","2"
"BUILD_DIR","13"
"test-end-to-end-gcp","2"
"run_tests_multi_gpu","2"
"nickname","40"
"cc","59"
"extra-specs","10"
"deploy_docs","6"
"ci","2"
"jobs","5979"
"clangFormatVersion","2"
"BUILD_SCRIPT","2"
"stack-integration-tests-oblv","4"
"huggingface","9"
"deploy_gh_pages","5"
"config-name","1"
"build-micdemo-github-hosted","2"
"ROS_REPO","4"
"mosaicml-notify","1"
"test-docs","1"
"pippath","12"
"pr-tests-syft-integration","9"
"tests-cpu-macos","2"
"REDIS_URI","1"
"config","323"
"dev1_x_e2e","2"
"publish-docker-latest","1"
"db","4"
"OS_REGION_NAME","5"
"API_TOKEN_GITHUB","1"
"run_scheduled_amd_ci","2"
"integration-test-python","8"
"language","7"
"fmt","20"
"build_wheels","49"
"install_torch","1"
"hf_token","1"
"EM_VERSION","1"
"python-sdist-test","2"
"check_runner_status","1"
"build_pyinstaller","1"
"mention_groups","1"
"exclude","295"
"CC_TEST_REPORTER_ID","2"
"needs","869"
"image","282"
"deploy-hagrid-beta","6"
"call-rhel-tests","9"
"linux-clang-nostdio-simplestl","1"
"maven-integration-test","2"
"Documentation","4"
"image-build","2"
"wpa","2"
"GOPATH","1"
"sha","15"
"linux-gcc-avx512","1"
"build-river","1"
"build-and-test-compiler","2"
"node-version","195"
"WHEELHOUSE_UPLOADER_SECRET","6"
"label_issues","2"
"PYPI_USER","1"
"test_requirements","10"
"newlib-rv32imc-gcc","2"
"test-wheels","2"
"quantization_matrix","2"
"mxnet-version","6"
"MAKEFLAGS","3"
"timeout","15"
"collector","2"
"pr-tests-notebook-scenario-k8s","23"
"buildargs","1"
"alert","8"
"mongodb-db","3"
"push_image","1"
"AWS_KEY_SECRET","12"
"test-examples","2"
"js-jest","1"
"scan-frontend-snyk","6"
"check_sphinx_build","1"
"BRANCH","15"
"tinytex","3"
"notebook-paths","78"
"publish-python-sdk-no-telemetry","5"
"submodules","25"
"GIT_COMMITTER_NAME","1"
"go","61"
"test-group","8"
"retention-days","15"
"airflow-notify","1"
"miniforge-version","1"
"publish-release","4"
"CIBW_BUILD_VERBOSITY","6"
"sphinx","5"
"build-pypi","4"
"build-and-deploy-docs","2"
"build-msdp-apex","6"
"PAPER_MODELS=true","9"
"publish","44"
"WinStatic","2"
"setup","4"
"pip_url","3"
"ado_new_state","4"
"py_vers","3"
"REQUIREMENTS","2"
"test_components_with_extras","1"
"DEPENDENCIES","10"
"test-dashboard-src-with-playwright","4"
"output","23"
"release_name","9"
"test_conda","2"
"gtest-cpu-nonomp","1"
"context","52"
"IS_GITHUB_CI","1"
"cuda-version","5"
"model","5"
"id","426"
"if","3226"
"tasks","1"
"MERGE_LABELS","2"
"test-neptune-and-neptune-client","3"
"issue","3"
"node-type","46"
"pr-message","22"
"delay_seconds","2"
"HAGRID_FLAGS","3"
"build-n-publish","11"
"tests-cpu-os-versions-fast","1"
"coveralls","6"
"pylint-alert-manager","1"
"workdir","3"
"CONFIGFILE","1"
"deploy-syft-dev","7"
"template","14"
"cronbuild","1"
"test-gopath","1"
"code-analysis","4"
"prophet","9"
"OPENCV_CACHE_VERSION","1"
"ROS_DISTRO","10"
"CCACHE_DIR","6"
"test-clean-install-neptune","1"
"ROOT_PATH","3"
"js","1"
"path_to_write_report","4"
"test-uninstall-0-16-install-neptune-client","3"
"bundler-cache","3"
"torchscript-version","7"
"PUBLISH_BRANCH","4"
"FILE","1"
"docker-lint","2"
"macos","15"
"xla-version","1"
"linux-packaging","1"
"DOCKER_IMAGE_NAME1","5"
"website-build","2"
"DOCKER_IMAGE_NAME2","3"
"issues-nudge","2"
"lint-python","2"
"MAX_RETRY","1"
"CI_TITLE","1"
"overrides","23"
"run-name","6"
"VK_ICD_FILENAMES","2"
"verbose","12"
"COMPILE_GO","8"
"os_name","9"
"ok-fail","8"
"SNYK_TOKEN","2"
"build_meson","2"
"tests-docker-compose","2"
"TF_NUM_INTEROP_THREADS","2"
"AWS_SECRET_ACCESS_KEY","7"
"test-docker-image","3"
"remote-repository-name","3"
"e2e_management","7"
"pre-commit","9"
"dist","1"
"security-image-alibi-explain","1"
"clang_version","7"
"TORCH_VERSION","45"
"guide_notebooks_regression_ec2","4"
"PIN_TO_COMMIT","2"
"posts","1"
"build_conda","3"
"watchos-simulator","1"
"post-script","1"
"download","4"
"PYTEST_QT_API","8"
"me","6"
"container-variants","1"
"author","7"
"deployment-type","12"
"stop_ec2_runner","3"
"vm-tests-stack","3"
"python-versions","1"
"run_check_runners","3"
"stack-integration-tests","14"
"android-armv7","5"
"OMP_NUM_THREADS","13"
"JOHNSNOWLABS_LICENSE_JSON","1"
"NEPTUNE_API_TOKEN","2"
"no_delta_prefix","1"
"PASSWORD","2"
"dev_docs","10"
"fallbackNode","6"
"path-to-cla-document","5"
"CCACHE_NOHASHDIR","22"
"test-typing","1"
"EXCLUDE_NOTEBOOKS","2"
"WHEELHOUSE_UPLOADER_USERNAME","6"
"release_id","3"
"output-dir","1"
"allow-prereleases","2"
"CIBW_TEST_COMMAND_LINUX","2"
"legacy","6"
"every-compiler","1"
"spark24","31"
"spark23","11"
"check-bazel-format","1"
"cache-dependency-path","68"
"MAKE","10"
"validate_cff","2"
"pygrid-integration-tests","13"
"head","1"
"type-check","1"
"OS_AUTH_URL","4"
"GenerateLinuxStaticBinaries","2"
"SYFT_VERSION","3"
"code-coverage","1"
"backend","3"
"BASE_COMMIT","4"
"windows-test","2"
"on","4662"
"docker-image","2"
"os","1695"
"poetry-version","9"
"BASELINE_URL","2"
"spark35","3"
"spark34","4"
"build_test_avx2","3"
"spark33","8"
"vs-version","3"
"spark32","24"
"exempt-issue-label","5"
"spark31","4"
"spark30","30"
"DEBUG","2"
"BETA","9"
"test-tutorials","2"
"publish-java-sdk","3"
"stale-issue-label","4"
"cancel_running_workflows","3"
"pypi","28"
"linux-armv8-cpu-gcc-AGX-Xaiver","2"
"CLEAN","4"
"ESPNET_PYTHON_VERSION","49"
"test-r-sanitizers","1"
"all-successful","3"
"call-stack-integration_tests","12"
"_USERNAME","3"
"pr","1"
"sonarcloud","2"
"linux-gcc-gpu-system-glslang","1"
"AWS_SECURITY_GROUP","9"
"test-mac","1"
"ssh","34"
"cancel-in-progress","6"
"pr-check","10"
"fate-test-command","2"
"model_path","5"
"KUBECTL_VERSION","4"
"GAIA_TOOLS_DATA","3"
"run_tests_gpu","3"
"prepackaged-components","2"
"OWNER","5"
"issue-inactive-days","4"
"NEUROPOD_BASE_DIR","1"
"syft-install-check","6"
"ACCESS_TOKEN","1"
"run_tests_torch_multi_gpu","1"
"ec2-instance-id-ludwig","2"
"release-branch","3"
"publish-to-dev","4"
"check_runners","1"
"GITHUB_ACTIONS","1"
"fastai","12"
"NNCASE_VERSION_SUFFIX","5"
"python-tests","7"
"github","1"
"qt","1"
"unit-test","8"
"sshTimeout","1"
"push-cli","1"
"OS_APPLICATION_CREDENTIAL_SECRET","6"
"resolve_before_filtering","3"
"BIGML_DELTA","8"
"linkcheck","3"
"IS_TEST","6"
"python_distr","1"
"version_dependencies","12"
"CODECOV_TOKEN","3"
"go-version","22"
"node","18"
"CHANNEL","2"
"add-paths","2"
"upload_pypi","8"
"build-depends","30"
"ALLOW_FAILURE","31"
"build-macos","9"
"AWS_DEFAULT_REGION","3"
"CONDA_PYTORCHBOT_TOKEN_TEST","1"
"ports","10"
"deprecations","2"
"windows-release-wheel","2"
"macos-x86","2"
"CIBW_SKIP","62"
"python-version-identifier","1"
"TIC_DEPLOY_KEY","1"
"CFLAGS","3"
"DevBuildsLinux","1"
"activate-enviroment","3"
"key","393"
"postgres","5"
"hagrid-docker","9"
"CLICK_HOUSE_URI","3"
"comment_title","1"
"run_tests_flax_multi_gpu","2"
"smtp","2"
"pr-tests-migrations","4"
"lint-java","2"
"is_vipcs","2"
"linting","12"
"reviewers","14"
"scan-frontend-trivy","4"
"pull","10"
"website_url","3"
"GIT_COMMITTER_EMAIL","1"
"FOLIAPATH","3"
"test-with-cache","1"
"job-skipper","1"
"webhook","5"
"stop-runner","4"
"pr-tests-frontend-unit","10"
"test_arm","1"
"fail-on-alert","1"
"linux-clang-ptyhon","3"
"ORCHESTRA_NODE_TYPE","29"
"test_tf220rc0_cpu_in_small_docker_image","2"
"SEARCH_ORIGIN","2"
"dest","2"
"check-version","4"
"ignored-packages","5"
"ios-iphone-os-gpu","2"
"backward-compatibility","3"
"-cron","5"
"ui","2"
"pypi-publish","2"
"project_id","3"
"MADS_NO_PLOT","1"
"build and push images","3"
"details","1"
"valid_build_files","1"
"oracle","2"
"macos-test","2"
"CPPFLAGS","2"
"post_task","37"
"SETUPTOOLS_SCM_PRETEND_VERSION","3"
"tvos-simulator","1"
"publish-releases","1"
"modules","4"
"MYSQL_TEST_USER","2"
"flavor","1"
"detect-package-change","2"
"CODECOV","1"
"CI_TEST_JOB","1"
"constall-install-syft","12"
"delete-branch","1"
"pr-tests-helm-lint","6"
"fetch-depth","46"
"start_ec2_runner","16"
"build-windows","5"
"build_XSTools","1"
"OS_APPLICATION_CREDENTIAL_ID","4"
"commit_message","1"
"dataset-ng","12"
"createPullRequest","4"
"docker","24"
"BASE","3"
"RUN_PIPELINE_TESTS","2"
"docker-build","13"
"inlineScript","25"
"workflow_call","68"
"php-version","58"
"coverage","61"
"types","473"
"linux-gcc-gpu-t4","1"
"windowsbuild","1"
"deploy-syft","45"
"linux-gcc-power8le-vsx","2"
"macos-nightly","2"
"TF_FORCE_GPU_ALLOW_GROWTH","8"
"filters","2"
"build-svc","3"
"run_all_tests_tf_multi_gpu","1"
"test-doc","4"
"gpu_checks","3"
"unit-test-python","4"
"security-image-mlserver-sc","2"
"call-pr-tests-linting","36"
"TORCH_VISION_VERSION","2"
"myToken","3"
"HELM_VERSION","2"
"distributed_backend","2"
"pytest-extra","4"
"if-no-files-found","9"
"http-user-agent","2"
"CIBW_BEFORE_ALL_LINUX","3"
"build-compiler","10"
"use-mxnet","2"
"CI_SLACK_REPORT_CHANNEL_ID","1"
"none","40"
"repository","48"
"type","60"
"run_all_examples_torch_xla_tpu","2"
"rclone-storage-initializer","1"
"scan-backend","1"
"days-before-stale","2"
"author_email","21"
"rlang","8"
"triage","2"
"call-grid-backend_test","8"
"test_ubuntu","2"
"otp","54"
"baseline","4"
"push","1857"
"build_dashboard","2"
"SSH_PRIVATE_KEY","1"
"test-uninstall-0-16-install-neptune","3"
"codecov-token","4"
"pr_label","9"
"goarch","2"
"RUN_PT_TF_CROSS_TESTS","2"
"examples","1"
"NIGHTLY_TIME","1"
"pytorch-toolbelt-version","1"
"gpu_tests","4"
"library_path","13"
"code_quality","1"
"MXNET_ENFORCE_CYTHON","3"
"flag","2"
"openai_azure_api_key","1"
"test_tf220rc3_cpu_in_small_docker_image","1"
"distribution","78"
"check_skip","10"
"tools","43"
"macos-arm","2"
"CCACHE_BASEDIR","3"
"commit_author_email","4"
"test_cpu_in_small_docker_image","1"
"SNOWFLAKE_CI_ROLE","2"
"localization_branch_name","2"
"node_port","6"
"linux-clang-gpu","2"
"is_matrix2_empty","1"
"WORKSPACE_NAME","1"
"TF_VER","103"
"continue-on-error","228"
"token","90"
"filter","39"
"MANIFESTS","1"
"help","2"
"deploy_on_pr","2"
"publish_lightgbm","2"
"cache-key","4"
"cache-downloads","4"
"minimum","2"
"add-new-issues-to-project","2"
"Doxygen","7"
"MKL_SERVICE_FORCE_INTEL","3"
"UPLOAD_CHANNEL","1"
"CIBW_BEFORE_BUILD_MACOS","3"
"deduplicate_classes_by_file_name","2"
"pr-tests-syft-notebook-container","8"
"PY_VERSION","2"
"test-full-deps","2"
"tox_env","2"
"pull_request_target","45"
"CUDA_VISIBLE_DEVICES","8"
"PAPER_MODELS=false","6"
"MLFLOW_HOME","2"
"php7-1_wordpress5-5","3"
"pull_request_review_comment","3"
"Benchmark","2"
"build-docker-images","3"
"create","10"
"test_components","3"
"gh-pages","6"
"tag","6"
"valgrind","4"
"AWS_REGION","1"
"IMAGE_TAG","2"
"COMPATHELPER_PRIV","18"
"IMAGE_NAME","1"
"buildx-extrs","2"
"with-rocm","1"
"branches","4070"
"pre-commit-check","2"
"windows-vs2017-shared","1"
"env_vars","11"
"build-package","3"
"core","13"
"call-vm-tests","18"
"USER_USERNAME","1"
"stack-integration-tests-smpc_1","2"
"tree_learner","8"
"files","39"
"MPLBACKEN","2"
"CIBW_TEST_SKIP","1"
"_R_CHECK_DONTTEST_EXAMPLES_","1"
"AUTO_VERSION","6"
"HOROVOD_WITHOUT_PYTORCH","2"
"ADMIN_USERNAME","1"
"build_dir","1"
"FLAKE8","1"
"php5.6-wordpress4.4","1"
"COVERALLS_SERVICE_NAME","1"
"scala","28"
"pull_number","2"
"MacOSStatic","3"
"miniconda","2"
"gtest-cpu-sycl","1"
"rspm","17"
"test-with-bazel","1"
"geomstats-backend","17"
"FIRST_NAME","1"
"msdp_version","1"
"CIBW_TEST_COMMAND","9"
"xgboost-notify","6"
"build-filedemo","1"
"EMSCRIPTEN_VERSION","1"
"stack-integration-tests-tls-e2e","2"
"onnx","1"
"publish-python-sdk","6"
"tool_name","1"
"smoke-test-script","2"
"run_models_gpu","4"
"POSTGRES_PASSWORD","1"
"CONTAINER_IMAGE_LATEST","4"
"test-suite","25"
"ado_active_state","1"
"ado_organization","1"
"docker-image-name","1"
"run_all_tests_tf_gpu","2"
"namespace","1"
"arguments","11"
"test_base","2"
